ID,Prediction
3255__proceed_2__reconstruction_5,0.0
7707__model_17__predict_21,1.0
7932__sawed-off_14__struck_10,0.0
217__seek_4__knock_6,0.0
350__output_45__prolific_44,1.0
3255__reconstruction_5__assessment_8,0.0
275__half-way_4__house_5,1.0
7830__survivor_28__grizzled_27,0.5
3265__nature_4__manufactures_6,1.5
1127__drawing_18__look_20,0.0
2435__happen_7__Plan_11,0.5
269__reduced_22__rejection_10,0.0
5875__side-wall_3__moved_12,0.0
15565__calling_2__bastard_5,0.0
7676__current_42__[formula]_19,0.0
2329__hand_3__approach_11,0.0
211__causing_8__aim_6,1.0
10679__control_32__kept_28,0.0
7642__integrating_31__[formula]_42,0.0
3052__charity_18__raises_25,0.5
3248__ecology_28__accommodated_35,0.0
22__responsible_8__atmosphere_13,1.0
8002__addressed_38__considered_24,0.0
1826__physics_6__held_2,0.0
414__economies_7__mixed_6,1.0
205__Conference_4__throws_8,0.0
359__schools_9__links_6,0.5
3390__life_13__habits_14,0.5
3360__outline_6__elegant_5,2.0
3238__FOSSILS_2__BRINGING_1,0.0
7947__radio_9__pieced_3,0.0
5939__time_7__shivering_18,0.0
5884__manner_15__led_19,1.0
3389__active_8__swimmers_9,0.0
5944__gusty_13__shower_14,0.0
325__Ripping_1__minefields_5,0.0
67__exploited_53__situation_51,1.0
359__links_6__close_5,0.0
7771__windows_46__blaze_41,0.0
3285__surface_30__coming_18,0.0
256__morally_24__inferior_25,1.0
417__British_10__response_12,1.0
7734__lines_19__current_21,1.0
7798__history_6__gathering_9,0.0
7741__definition_4__resistance_6,0.0
40__providing_21__courses_26,0.0
7614__[formula]_13__satisfy_17,0.0
299__embarrassment_33__foray_26,0.0
434__people_11__overcome_18,0.0
1818__physics_9__kept_2,0.0
5927__stole_10__rubbish_11,0.0
390__material_36__produced_42,0.0
7643__line_32__integration_33,0.0
1422__services_12__links_8,0.5
205__machinery_14__spanner_10,0.5
3427__idea_2__habits_6,0.0
5967__gone_4__met_11,0.0
3417__reason_3__cope_7,0.0
10747__look_29__range_32,0.5
3261__scrutiny_48__stand_44,0.5
265__package_29__sell_26,2.0
7896__beginning_3__attract_5,0.0
6137__illusion_10__encouraging_4,1.5
330__real_13__meeting_14,0.0
7834__straw_21__caught_24,0.0
3240__reconstructions_15__founded_11,1.0
273__act_9__rest_13,1.0
3360__minaret_12__arab_11,0.0
6106__feel_14__sick_15,0.5
10560__mean_14__line_4,0.0
3407__feet_9__avoid_14,0.5
5944__shower_14__sheet_2,0.0
7843__cotton_35__glazed_34,1.0
3405__animal_21__pillar-_7,0.0
214__rebuilding_18__contemplate_4,0.0
268__motion_10__oppose_8,0.5
10302__shop_13__admitted_21,0.0
222__antagonise_20__override_6,0.0
1441__conclusion_11__drew_7,1.0
3298__inhabit_8__column_11,0.5
3263__structure_24__perform_26,1.5
356__head_15__buried_16,0.0
210__department_3__escapes_6,1.0
7899__remembered_2__-gold_8,0.0
1830__hair_6__Apart_1,0.0
279__ears_3__bending_2,2.0
212__departments_2__designed_13,1.0
57__immunities_19__emphasis_16,1.0
7679__direction_18__field_21,0.5
7618__[formula]_30__form_29,0.5
6027__able_5__assembled_9,0.0
1820__stroke_22__felled_19,3.0
1140__light_37__flooding_33,2.0
10428__live_5__stroke_8,0.0
1820__car_5__call_7,1.5
3385__occurs_37__found_15,0.0
7662__steady_13__currents_14,0.5
224__remit_2__intrusion_5,0.0
22__life_19__gripped_16,2.0
1151__skate_25__goggle-eyed_24,2.0
415__reluctance_14__makes_24,0.5
7624__gradient_7__function_11,0.5
48__commitment_8__scoop_15,0.0
2402__power_5__drunk_6,2.0
6006__papers_28__tells_26,1.0
256__compromise_35__obliged_32,0.0
10603__time_10__gone_7,0.5
7843__taffeta_21__gone_23,0.5
7717__calculating_14__forces_16,0.0
44__Employers_1__release_6,0.0
1432__feel_35__change_37,0.5
6049__time_3__rallied_6,0.0
7656__magnetometer_30__based_35,0.0
212__act_15__designed_13,2.0
7714__attraction_22__virtue_18,0.5
7665__magnetostatics_6__concerned_4,0.5
3242__changed_8__habits_10,0.5
7866__black_15__fur_16,0.0
7630__eqn_15__potential_12,0.0
7642__obtained_29__integrating_31,0.0
2399__continued_6__rising_9,0.0
7765__apple_38__gold_37,1.0
7945__own_18__brought_3,0.0
45__reduce_31__goals_9,0.0
7825__corridors_37__repeated_33,0.0
3250__measure_21__stride_23,1.0
5887__privately_14__considering_15,0.5
7906__nightmare_29__oppressed_26,2.5
289__self-destruct_22__Loaded_2,0.0
212__system_24__act_15,0.0
265__policy_28__package_29,1.0
7619__[formula]_24__gauge_22,0.0
7693__carriers_20__charge_19,1.0
15021__chicken_3__little_2,0.0
7639__[formula]_18__leading_16,1.0
58__labour_17__system_19,0.0
2178__headaches_3__taking_12,0.5
7889__told_2__veiled_14,0.0
379__telecottages_18__setting_15,0.0
301__host_30__circuit_28,0.0
3340__nodule_9__preserved_12,0.5
7934__rose_30__smile_26,0.0
1129__recently_4__hands_3,0.0
3419__dinosaurs_5__posture_2,0.0
7931__view_10__shuts_7,1.0
5900__begun_5__hunting_6,0.0
7639__leading_16__[formula]_18,0.5
2806__inspectorate_15__regulate_21,0.0
7636__strength_33__[formula]_35,1.0
14658__straight_31__cut_30,0.0
217__tradition_13__keystone_9,2.0
7673__velocity_32__travel_30,0.0
1431__tribute_3__pays_2,0.5
3296__arthropods_25__look_22,0.0
7682__[formula_9__derived_13,0.0
2311__emotional_6__somersaults_7,2.5
7697__field_3__strength_4,1.0
7639__operates_4__curl_3,0.5
267__unilateral_11__recommending_4,0.0
57__immunities_19__reduce_14,0.0
6056__lying_18__low_19,1.0
2411__miserably_14__added_13,0.5
3063__crop_25__lost_23,0.5
7867__little_9__painter_12,0.0
7979__makes_2__wild_4,0.5
6004__gut_29__swimming_20,0.0
268__nuclear_28__power_29,0.5
7698__particle_28__positive_27,1.0
320__leads_19__diminishing_22,0.5
7709__instability_40__leading_35,1.0
7939__cultural_29__parallels_30,2.0
2807__hen_9__controls_18,0.0
10387__people_19__strokes_16,0.0
7664__magnetic_26__fields_27,1.0
7898__mind_3__elsewhere_5,2.0
359__couple_2__links_6,0.0
204__conditions_40__fair_42,1.0
7618__A.6_22__obtain_26,0.0
7654__basic_36__quantity_37,0.0
7673__beam_11__section_4,0.0
14630__week_7__following_6,0.5
1446__programme_6__shine_10,0.5
7676__component_51__[formula]_19,0.0
10368__pay_20__rise_30,0.5
3055__corrected_14__quickly_13,0.0
239__merge_7__replace_12,0.0
6055__fear_4__communicated_8,1.0
7958__descended_4__winged_10,0.0
1120__church_27__looking_22,0.0
5851__mutter_16__soft_15,1.5
3285__lens_12__able_14,1.0
2236__location_2__overlooking_3,1.0
7722__electric_21__field_22,1.0
5962__trees_28__squatted_29,3.0
322__institution_30__home_34,1.0
7825__versions_21__faded_18,0.0
7691__example_8__brings_3,1.0
7606__charged_21__role_14,0.0
3267__streamlining_32__swimmers_29,0.0
1427__slowly_9__dissolve_10,0.0
3338__length_16__attain_14,0.5
15522__drink_5__Throw_2,1.5
7900__frame_21__hard_20,0.5
7953__blows_10__wild_9,1.0
1812__ship_15__waiting_16,1.5
7741__trouble_23__worth_21,1.0
7682__following_21__formula_22,0.5
7656__engineers_47__lose_50,0.0
3413__terrestrial_20__balance_2,0.0
1446__light_11__shine_10,0.5
10569__sort_4__line_3,0.0
7707__behaviour_24__predict_21,0.0
7613__potential_11__function_12,0.0
1137__deeply_5__moving_6,1.0
7639__vector_24__[formula]_18,0.0
5910__sale_13__hung_19,2.0
2803__lure_10__forebears_16,0.0
340__argue_4__stand_16,0.0
7769__light_22__source_20,0.5
5960__drift_2__tunnel_6,1.0
7679__field_21__[formula_23,0.0
327__fives_15__under-_14,1.5
321__name_9__change_10,0.5
5954__raft_15__float_12,0.0
7709__constricted_31__leading_35,0.5
3427__habits_6__giants_10,0.0
7716__contract_8__tries_6,0.0
0__laid-back_5__approach_6,0.5
207__implications_23__plans_26,0.0
3265__nature_4__designs_8,0.0
7613__analogue_8__function_12,0.0
7958__Nuns_1__winged_10,0.0
1129__hands_3__changed_2,1.0
7817__skin_11__dazzled_7,2.0
335__wry_9__saved_4,0.0
7956__fist_7__shaken_4,1.0
7749__morning_41__grey_40,2.0
7766__idea_31__stripped_37,2.0
6003__glowing_56__butt_57,1.0
3427__life_5__habits_6,0.0
1131__floodlit_13__pale_45,0.0
41__objective_7__achieve_5,0.0
0__reveals_4__approach_6,0.5
264__win_15__position_13,1.0
338__book_28__world_29,1.0
7689__magnetic_14__fields_15,1.0
7617__equation_36__defined_33,0.5
1122__months_16__couple_14,0.5
7731__flow_43__lines_40,0.5
7779__feels_48__youth_50,1.5
270__rollers_9__ahead_26,0.0
2322__European_10__headquarters_11,0.0
250__undemocratic_39__power_40,0.5
7769__lay_2__coiled_3,0.0
3240__World_19__reconstructions_15,1.0
10751__seventies_12__hell_5,0.0
276__evening_6__comfortable_5,1.0
7660__rewritten_44__follows_52,0.0
7614__satisfy_17__[formula]_13,0.0
7634__law_14__deriving_11,0.5
7939__names_10__appeared_20,1.0
7656__sleep_52__lose_50,1.0
229__policy_11__leave_3,0.0
239__bodies_14__replace_12,0.0
5888__indeed_13__justified_8,0.0
40__youngsters_19__brighter_18,1.0
3059__insists_24__hangover_29,0.0
10747__range_32__look_29,0.0
7934__contrasts_11__considered_14,0.0
7713__ions_9__force_6,0.0
7984__regular_31__clockwork_33,0.0
224__brief_14__watching_13,0.5
2199__tease_17__depression_25,0.0
7640__law_5__derived_6,1.0
12629__sod_3__little_2,2.5
7606__role_14__current_19,0.0
217__approach_2__seek_4,1.5
320__diminishing_22__leads_19,0.5
7964__mind_43__light_40,2.0
3413__idea_13__habits_21,0.0
2220__industrial_12__address_6,0.0
435__communities_9__strengthening_7,1.5
3426__rhinoceroses_21__reptilian_20,0.0
270__ahead_26__rollers_9,0.0
2396__added_17__sourly_18,2.0
3245__reveal_4__shown_14,0.0
7737__field_3__[formula_6,0.5
7881__print_17__skimming_13,1.5
334__tales_27__characters_24,0.0
259__giving_19__power_20,1.0
7939__brow_42__parallels_30,0.0
3059__unfortunate_28__hangover_29,1.0
3413__original_12__balance_2,0.0
7760__form_15__setting_12,0.0
381__left_6__revolution_4,1.0
261__parties_12__centre_11,1.0
7696__hand_7__cancel_11,0.0
3251__modes_39__imposes_34,0.0
3378__finely_8__veined_9,1.0
7719__Flow_1__patterns_2,2.0
3428__supporters_3__warm-blooded_2,1.5
2259__heard_2__strike_7,0.0
5944__sheet_2__shower_14,0.0
2360__functions_21__plan_6,0.5
1138__cathedrals_9__rich_5,1.5
431__expression_18__concrete_17,2.0
281__release_23__attached_20,1.0
330__parenthood_10__meeting_14,0.0
6118__worry_12__coming_15,0.0
7687__electric_9__concerned_3,0.0
1431__treatment_6__pays_2,0.0
3314__algae_4__Canals_1,0.5
7664__significance_22__fields_27,0.0
6104__shadow_11__cast_12,2.0
7614__function_9__satisfy_17,0.0
273__rule_2__thumb_4,1.5
275__house_5__half-way_4,1.5
7696__cancel_11__hand_7,0.0
3279__life_19__mode_17,0.5
1107__concept_5__spread_7,1.0
7780__character_12__makes_14,0.0
60__reform_17__constitutional_16,0.5
3319__productive_15__seams_17,1.5
7697__strength_4__field_3,0.5
3398__life_32__habits_33,0.0
2340__questions_7__handle_5,1.0
317__virtually_40__ensuring_36,0.0
6126__film_33__frightening_32,0.0
7887__loincloth_5__lying_15,0.0
338__children_26__-eyed_25,0.0
7665__electric_9__fields_10,1.0
7693__cylindrical_12__beam_13,0.0
7673__electron_10__section_4,0.0
7940__parish_7__tried_15,0.0
7612__alternative_10__introduce_6,0.0
311__sounds_11__ingredients_14,1.0
256__inferior_25__system_28,0.0
334__feature_21__characters_24,1.0
212__designed_13__act_15,0.0
378__characteristically_3__strong_4,0.0
12594__nines_3__takes_10,0.0
12568__time_14__shared_10,0.0
10474__hell_6__bloody_5,1.0
309__level_8__oppressive_11,2.0
3067__gurus_25__dime_27,0.0
7679__direction_9__force_3,0.0
5884__daughter_21__led_19,0.0
7613__proved_14__function_12,1.0
6007__reputation_8__look_16,0.5
1127__garden_26__look_20,0.0
3432__pros_2__subject_10,0.5
2369__nationals_6__stand_10,1.0
2398__dollar_6__bottom_5,2.0
10654__tha_2__lots_4,0.0
5954__grass_28__ragged_27,1.5
3056__villagers_2__explained_13,0.0
76__comparable_12__scenes_15,0.0
6063__conversation_2__subject_7,0.0
7751__interrupted_35__soaring_37,1.0
7660__defined_38__formulae_27,0.0
7881__print_17__accompanying_16,0.5
7948__play_2__Foul_1,1.0
15225__little_2__sod_3,1.5
5920__inch_12__depth_14,0.5
57__workers_7__rights_10,0.0
1446__shine_10__light_11,0.5
7657__potential_3__popular_7,0.5
425__becoming_7__dying_5,0.0
15087__bought_4__comes_12,0.0
1447__produced_8__dug_16,0.0
3388__evidence_9__sources_7,1.0
350__prevents_18__spending_20,0.5
7956__shaken_4__fist_7,1.0
3433__argument_5__lot_2,0.5
7688__particles_3__charged_2,0.5
1116__timeless_17__air_18,2.0
7937__Garden_27__aiming_22,0.0
7676__follows_18__obtained_6,0.0
2__error_20__fatal_19,1.0
289__regarded_10__destined_12,0.5
7660__terms_46__potential_50,0.5
6044__wolf_8__fold_11,2.0
7670__electron_25__called_23,0.0
246__decided_23__oppose_26,0.0
7676__field_55__component_51,0.0
357__paraphernalia_23__world_29,1.0
3245__sediments_2__shown_14,0.0
57__law_12__rights_10,1.0
79__example_5__extension_8,0.0
3297__looking_27__headlamps_29,0.0
7729__equation_8__left_4,0.5
7896__penumbra_7__attract_5,1.0
273__amplifiers_18__rest_13,1.0
1107__decade_14__spread_7,0.0
10654__people_6__lots_4,0.5
22__atmosphere_13__casino_12,1.5
7780__fantastic_11__character_12,1.5
3296__eyes_33__modifications_30,0.0
5954__bushes_31__straggling_30,1.5
7904__voices_2__slaughter_6,0.0
249__capture_19__power_20,2.0
423__runs_6__business_11,0.5
350__time-consuming_2__nature_3,0.0
5895__bite_12__bark_3,1.0
3260__teeth_18__opposing_17,0.5
6091__sound_20__set_16,1.5
2370__term_15__win_9,0.0
7982__Judging_1__runs_2,1.0
384__name_3__describes_14,1.0
7631__analogy_2__[formula]_12,0.0
3330__conspicuous_13__midrib_14,0.0
7676__[formula]_19__component_51,0.0
7634__deriving_11__law_14,2.0
226__review_12__require_7,0.0
3267__bodies_8__accord_10,1.5
3066__religion_35__form_31,1.0
5961__pine_11__allowed_4,0.0
7656__magnetometer_30__sensitive_29,0.5
6006__comes_3__light_5,1.0
7981__judge_2__judges_8,0.0
1807__team_19__spooks_22,0.0
7771__cathedrals_49__blazed_50,0.0
45__goals_9__reduce_31,0.0
10590__tips_8__bloody_7,1.0
7762__feathered_26__lines_27,3.0
1825__reactions_27__provoke_24,1.0
5873__process_12__shrinking_11,0.0
7764__recorded_9__drama_14,0.5
7737__[formula_6__field_3,0.0
7660__rewritten_44__[formula]_40,0.5
273__act_9__obliged_11,1.0
226__able_4__require_7,0.0
3290__features_2__consistent_7,0.5
3261__technique_2__hunt_5,0.0
238__bodies_16__recommended_17,0.5
10345__awful_11__lot_12,1.0
49__voting_23__system_24,0.0
2812__land_10__plan_7,0.0
383__creating_16__change_13,0.0
2196__else_13__catching_19,0.0
3288__view_10__field_8,1.0
6004__swimming_20__faint_19,1.5
7676__beam_45__current_42,1.0
7728__safely_4__field_8,0.0
7676__integral_24__line_23,0.5
7606__particles_22__current_19,0.5
3428__ally_6__tend_4,0.5
319__Pub_12__gone_15,0.5
5984__imagined_13__devotion_14,0.0
7673__density_19__charge_18,0.5
7871__hair_4__shot_11,0.0
3406__relatively_9__speaking_10,1.0
7696__remember_22__charges_16,0.0
2236__bay_6__overlooking_3,0.0
22__rejects_2__charges_3,1.0
262__vote_20__rid_23,0.0
45__inequalities_35__reduce_31,0.5
2369__Governments_3__stand_10,1.0
1131__walls_3__led_29,0.0
3413__swamp-dwelling_15__swinging_8,0.0
212__departments_2__system_24,0.0
332__ripping_23__win_19,0.0
2810__excrement_14__assist_19,0.0
2321__asleep_3__fell_2,1.0
7932__trunk_8__struck_10,0.0
7619__simplified_6__[formula]_8,0.0
6003__predecessor_60__butt_57,0.0
6034__cancelled_4__passages_2,0.5
261__giving_4__power_6,0.5
7817__round_35__sliced_32,0.0
7639__coordinates_7__operates_4,0.5
7936__combination_6__produces_24,1.0
7696__charges_16__opposite_15,0.0
3413__balance_2__swinging_8,1.0
3396__remain_2__Puzzles_1,0.5
432__people_2__overcome_3,0.0
7606__played_16__current_19,1.0
1432__time_5__cheated_7,1.0
246__overwhelmingly_24__decided_23,0.5
434__distance_24__centres_27,0.0
2425__collect_5__hat_7,1.0
5851__infinity_29__intrusion_22,3.0
3427__giants_10__habits_6,0.0
3252__tundra_18__inhabitants_15,0.5
1127__fields_30__look_20,0.0
7982__runs_2__Judging_1,1.0
6000__cigarette_12__dying_9,1.5
7673__uniform_21__travel_30,0.0
7764__quarrels_20__accessible_13,0.0
415__government_17__central_16,1.0
7733__flows_52__current_51,0.5
3416__temperate_27__climates_28,0.5
303__remains_15__strong_17,0.5
2817__unsightly_5__masts_2,0.0
7913__cypresses_3__mean_9,0.5
3259__indication_18__habits_21,0.0
3250__bipedal_13__stance_14,0.5
3426__reptilian_20__rhinoceroses_21,2.5
3265__designs_8__manufactures_6,0.5
214__rebuilding_18__machine_21,0.0
1432__change_29__dramatically_30,1.0
6130__tendrils_16__caught_22,1.5
259__elites_22__giving_19,0.0
7688__conclude_14__travel_5,0.0
2196__youth_17__catching_19,1.0
7661__sections_18__following_17,0.5
227__self_26__shadow_22,1.0
7624__add_3__scalar_10,0.0
10747__composers_20__lot_17,1.0
2803__attraction-_3__merchants_4,0.0
10302__shop_13__bloody_12,1.0
10747__look_29__lot_17,0.0
415__government_17__reluctance_14,1.0
1122__months_16__advance_18,1.0
7673__charge_18__density_19,1.0
12476__add_4__add_2,0.0
1119__second-homes_15__market_16,0.0
3413__idea_13__swinging_8,1.0
224__initiate_23__ability_21,0.5
7966__darkness_8__shining_6,0.0
7801__catalogue_5__negotiated_2,0.0
7695__net_7__charge_9,0.0
7985__reason_26__wi'_25,0.5
3422__bone_6__structure_7,2.0
14943__sound_5__leave_3,2.0
5981__contingency_2__plans_3,0.0
7817__looked_3__dazzled_7,0.0
6126__film_33__set_27,0.0
3389__trilobites_3__swimmers_9,0.0
7716__pressure_17__tries_6,0.0
3047__perils_2__illustrated_9,2.0
7636__[formula]_35__strength_33,0.5
7642__using_22__form_25,0.0
7676__obtained_6__follows_18,0.5
7606__played_16__role_14,1.0
7657__measurable_18__directly_17,0.0
3043__correctness_2__grey_12,2.5
7684__repulsive_10__forces_11,0.5
3269__answer_11__reached_14,1.0
259__power_20__giving_19,0.5
268__supported_12__urging_4,0.0
7670__concept_6__charge_10,0.0
6108__advances_12__immense_11,1.0
6004__faint_19__swimming_20,3.0
7786__power_10__survivor_13,0.5
2811__farming_30__chief_25,0.0
7709__instability_40__sausage_39,3.0
7985__women_38__soft_35,1.0
3047__C4_15__illustrated_9,0.0
223__departments_24__voice_20,0.0
7606__phenomena_9__played_16,0.0
6104__cast_12__shadow_11,1.0
2806__bureaucracy_12__surrender_8,1.5
395__president_9__immediate_25,0.0
3399__obviously_5__attracted_6,0.0
6021__rally_2__stand_5,0.0
7660__magnetic_32__flux_33,0.5
7688__electric_27__forces_28,0.5
10747__lot_39__hell_36,1.0
7727__effect_3__field_7,0.5
2383__retirement_6__prepared_12,0.0
3241__presentations_37__percolate_33,2.0
7664__relative_21__significance_22,0.0
1153__windows_9__casting_10,2.0
3255__assessment_8__reconstruction_5,0.0
270__rock_5__rollers_9,0.0
7915__epilepsy_11__form_9,1.0
3239__fragments_23__reanimating_20,1.0
7692__effect_3__Pinch_2,1.0
311__Chinese_22__salubrious_21,0.5
388__users_13__bogged_17,0.5
7697__magnetic_2__strength_4,0.5
7763__obsession_12__finding_4,0.0
10688__hell_3__shock_6,0.5
1815__fallen_20__shoulders_24,1.0
6006__light_5__comes_3,0.5
6043__complied_7__nature_3,1.5
5908__agent_40__hands_36,0.0
7780__able_17__makes_14,0.0
2446__won_11__hit_5,0.0
6009__surgeon_24__branch_18,0.0
7891__hair_31__flowers_29,2.0
7688__particles_3__close_6,0.0
3321__leaf_9__scars_10,0.0
7656__engineering_22__applications_23,0.0
7__commentators_16__faced_11,0.0
3059__days_34__hangover_29,0.0
14670__sale_9__reduce_5,0.5
7683__magnetic_11__force_12,0.0
6100__newspaper_6__account_7,0.0
7769__coiled_3__lay_2,0.0
415__regime_7__reluctance_14,0.0
3330__branching_22__form_26,0.0
7695__space_8__charge_9,0.0
5851__steered_33__intrusion_22,3.0
7904__voices_2__played_3,2.5
7693__particles_27__investigate_10,0.0
7888__colours_7__rich_9,1.5
10677__tablets_14__bloody_13,1.5
373__round_14__cave_19,0.0
7928__soil_18__stretch_10,0.0
3414__dinosaur_6__habits_8,0.0
3297__bottom-dwelling_34__relatives_35,0.0
7761__past_39__closely_34,0.0
1142__market_19__lost_10,0.0
334__books_2__set_5,0.5
5943__earth_8__iron_14,0.0
324__excesses_9__form_12,1.0
434__opportunity_16__overcome_18,0.0
336__breaks_37__mould_39,1.0
272__patrons_9__rule_5,0.0
7697__current_21__substitute_18,0.0
7607__space_8__functions_6,1.0
7979__wild_4__makes_2,1.0
7899__collar_28__settling_25,0.5
3361__margin_7__toothed_6,1.0
240__responsibility_9__body_12,1.0
12433__add_4__add_2,0.0
5904__diplomatically_21__restrained_22,1.0
6043__luck_5__complied_7,1.5
44__days_16__release_6,0.0
7681__Hence_1__force_4,0.0
7635__cross-section_43__[formula]_37,0.0
303__conviction_14__strong_17,1.0
272__pint_46__decent_45,1.5
7606__current_19__played_16,1.0
7707__model_17__behaviour_24,0.0
7766__notation_52__washed_49,3.0
207__implications_23__considers_21,0.5
21__found_6__attractive_11,0.0
2309__days_5__recalled_2,0.5
3365__Seeds_1__family_5,0.5
7675__length_12__[formula]_13,0.0
7941__pavement_19__ploughed_16,1.5
7648__hard_3__tell_5,1.0
12422__equals_4__add_2,0.0
6041__liquor_31__taste_29,0.0
2390__managers_13__link_7,0.5
3309__animal_15__frozen_21,0.0
278__imaginative_30__handles_31,1.5
3386__token_4__barrier_24,0.0
10577__completely_32__lost_33,0.0
12568__time_14__divided_17,0.0
3257__organisms_9__related_8,0.5
214__Labour_9__contemplate_4,0.0
7797__attention_11__scanning_10,2.5
227__shadow_22__self_26,0.5
7763__material_16__finding_4,0.0
7796__historian_12__assumed_2,0.0
7710__deflected_23__field_27,0.0
7614__form_12__satisfy_17,0.0
3046__error_20__fall_16,1.5
15066__baby_7__fine_4,0.0
7900__hard_20__frame_21,0.0
7710__leading_37__weaker_33,0.0
350__nature_3__combined_12,1.0
2321__hours_7__fell_2,0.0
57__reduce_14__immunities_19,0.0
7940__family_9__tried_15,0.0
12519__yeah_1__divisions_3,0.0
5968__catch_19__dropped_9,0.0
353__books_15__lot_11,0.5
41__implementation_12__accompanied_9,0.5
251__first-past-the-post_4__system_5,0.0
7683__electric_19__force_12,0.0
5895__anyway_5__bark_3,0.0
256__compromise_15__inferior_25,0.0
7678__electron_6__charge_8,0.0
3240__vividly_13__coloured_14,1.0
1448__battle_35__break_44,0.0
7733__surface_63__charge_64,0.5
7943__bear_21__transplantation_23,1.0
7603__Steady_1__currents_2,0.5
212__act_15__system_24,0.0
3240__ideas_3__reconstructions_15,0.0
8__charges_4__regards_2,0.5
3414__living_7__habits_8,0.0
1142__streets_15__lost_10,0.0
7670__elementary_9__charge_10,0.5
7904__slaughter_6__played_3,2.5
7687__electric_9__forces_12,1.0
7648__tell_5__hard_3,0.5
7642__obtained_29__form_25,0.0
58__society_11__power_9,0.5
3432__cons_4__pros_2,0.0
1815__invitation_5__dodged_2,1.0
7741__valid_7__resistance_6,0.0
2209__impressed_11__contribution_14,0.0
3240__inferences_40__scenes_37,1.0
3413__swamp-dwelling_15__balance_2,0.0
2315__joy_20__unconfined_21,2.0
270__rollers_9__Pint-sized_4,0.0
2201__cup_6__boots_9,0.0
7703__larger_26__forces_23,0.5
7721__moved_8__carriers_7,0.0
7649__usually_14__remains_15,0.0
10605__arteries_12__bloody_11,1.5
2435__European_10__Plan_11,0.0
2197__rapidly_3__coming_4,0.0
7636__magnetic_31__strength_33,0.0
54__change_25__system_30,0.0
2362__feelings_3__gut_2,1.5
7815__suggest_2__dream_8,1.0
317__view_38__ensuring_36,0.0
249__smash_8__decrepit_10,0.0
7706__symmetry_15__possess_12,1.0
272__policy_40__comes_41,0.5
7725__magnetic_5__field_6,1.0
415__regime_7__makes_24,0.5
7681__electron_7__force_4,0.0
349__partnership_5__strength_2,1.0
222__override_6__antagonise_20,0.0
7760__deliberate_19__form_15,0.0
7635__confined_10__density_8,1.0
7674__belongs_18__subject_21,1.0
3365__pairs_9__wings_19,0.0
3297__analogy_2__found_4,1.0
7728__current_14__flow_15,0.0
7621__usually_4__assign_5,0.5
5954__trees_33__lay_21,0.0
6003__ice-free_64__laced_69,0.0
5938__lives_8__broke_10,0.5
7743__eqn_16__law_23,1.0
3285__interpret_16__able_14,0.0
7627__density_4__current_3,1.0
434__learning_29__centres_27,1.0
7772__metaphor_3__motif_6,0.0
2458__media_16__stooging_13,3.0
5934__bit_9__nose_7,0.0
7920__ego_12__flight_4,2.0
7639__curl_3__operates_4,1.5
3061__scheme_6__unqualified_11,0.0
212__quangos_4__act_15,1.0
7624__A'_16__[formula]_24,0.0
7683__negligible_14__approaches_27,0.0
5853__item_3__allowed_5,0.5
5892__tin_28__blast_25,0.0
7724__electric_12__fields_13,1.0
7693__beam_13__investigate_10,1.0
6126__stepping_24__scenario_29,0.0
1414__Brutality_1__bitter_12,2.0
59__legislation_21__see-sawing_17,2.0
5951__winds_14__whipping_13,2.5
7953__specialist_7__blows_10,0.0
3415__controversy_8__powerful_7,2.0
15124__card_7__bloody_6,1.5
1412__sound_16__running_20,0.0
3414__strongly_12__aspects_3,0.0
14999__bit_4__reckon_9,0.0
3319__occurring_13__seams_17,0.0
7771__Gothic_48__blaze_41,0.0
254__centre_16__ground_17,0.5
1815__shoulders_24__fallen_20,0.5
7758__refused_25__ruggedly_24,2.5
6048__bones_9__lot_6,0.5
58__balance_7__power_9,1.5
7937__anguish_20__impression_18,2.0
6136__somehow_7__severe_6,0.0
7644__sense_3__path_7,0.5
7693__example_6__contrast_2,0.0
7640__derived_6__directly_7,0.0
414__money_9__bit_16,0.0
3241__discoveries_32__percolate_33,3.0
7937__straight_23__aiming_22,0.0
7697__particles_36__refer_31,0.0
3316__Silurian_13__spread_4,0.0
7631__solution_5__[formula]_12,0.5
7755__life_13__schooled_15,3.0
7636__wire_15__constant_12,0.0
7928__left_8__stretch_10,0.0
7933__green_16__avalanche_13,-1.0
6108__immense_11__advances_12,1.0
10__profits_7__regard_5,1.0
7936__called_32__produces_24,0.0
7676__total_41__current_42,0.0
3251__setting_24__diagnoses_21,1.0
6126__frightening_32__film_33,0.5
373__fire_16__round_14,0.5
3251__modes_39__restraints_36,0.5
367__technically_10__lot_3,0.0
7657__vector_2__potential_3,0.5
2201__feet_20__slipping_17,0.0
299__charts_29__foray_26,1.0
7910__natural_8__held_4,0.0
5875__dividing_21__moved_12,0.0
422__bringing_9__stake_5,0.0
2806__smell_23__regulate_21,1.0
7834__pattern_16__muted_14,1.5
22__corporate_18__life_19,1.0
273__thumb_4__rule_2,1.5
7731__filled_25__[formula_31,0.5
7734__current_21__lines_19,1.0
1424__producers_27__dug_29,0.0
5896__virtually_3__bite_5,0.5
7947__story_5__pieced_3,1.0
23__figures_24__added_20,0.5
262__voting_14__system_15,0.5
3270__obtained_7__answers_4,0.5
1448__grip_46__break_44,1.5
7607__variables_3__functions_6,0.0
224__inter-departmental_4__intrusion_5,1.0
7751__frame_34__soaring_37,0.5
214__governmental_20__machine_21,1.5
3376__deposits_9__illustrated_16,0.0
2342__knowledge_8__deal_10,0.0
2201__time_15__slipping_17,2.5
7833__described_27__parody_30,0.0
249__allows_15__constitution_13,0.5
3050__film_3__charted_13,1.0
416__recommendation_10__support_4,0.0
7656__banned_59__lose_50,0.0
268__oppose_8__urging_4,0.0
3413__swinging_8__balance_2,1.0
402__-orientated_6__business_5,0.5
3316__forms_2__Related_1,1.0
15320__telly_5__bloody_4,1.5
3261__animals_31__defy_33,0.0
318__dancing_9__uninhibited_8,0.5
414__persuasion_18__bit_16,1.0
7728__ignore_5__safely_4,0.5
7662__classification_11__currents_14,0.0
1818__spoke_12__kept_2,0.0
3270__analogue_24__design_11,0.0
289__stadia_16__bigger_15,0.5
2505__friends_14__close_13,0.5
264__conviction_7__reinforce_5,1.0
32__latter_30__appears_47,0.0
318__dancing_9__atmosphere_4,0.0
7685__term_4__borrowed_5,1.0
261__power_6__giving_4,1.0
57__union_18__reduce_14,0.0
3403__life_3__habits_4,0.0
1423__serge_28__jackboot_24,0.0
289__bigger_15__stadia_16,0.0
1427__blankness_7__dissolve_10,2.0
8__unfounded_6__regards_2,0.0
6004__head_23__swimming_20,3.0
278__music_9__manage_11,0.5
1108__riches_11__heart_14,1.5
3386__oceans_20__token_4,0.0
2416__life_7__spent_3,1.0
10565__er_8__recall_12,0.0
7690__chance_29__field_26,0.5
2177__feeling_6__exhausted_7,0.5
272__policy_40__decent_45,0.0
5873__mentioned_37__subject_17,0.0
212__quangos_4__designed_13,1.0
5943__hard_12__iron_14,1.5
256__system_28__obliged_32,0.5
7618__equation_4__Substituting_1,0.5
32__victory_39__appears_47,0.0
7757__warmth_4__approach_8,0.0
7679__magnetic_20__field_21,1.0
7670__particle_22__carried_18,1.0
3432__cons_4__subject_10,0.5
7763__trouble_3__finding_4,0.0
301__pub_26__circuit_28,0.5
430__wider_4__impact_5,1.0
7772__cultural_5__motif_6,1.0
6063__discovery_10__subject_7,0.0
265__time_24__sell_26,0.0
7642__[formula]_42__integrating_31,0.0
2391__playing_8__dynamite_11,0.0
281__WEEK_3__plethora_10,0.0
7743__engineers_6__circuit_5,0.0
3347__little_2__circlets_3,0.0
268__urging_4__oppose_8,0.0
7664__electric_24__fields_27,1.0
353__coat-hanger_53__hang_55,0.0
7907__language_48__reveal_45,1.0
5__canteen_22__modest_20,0.5
7758__repetition_11__pattern_5,0.0
7685__Using_1__term_4,1.0
10622__bloody_2__hell_3,1.5
7693__kinds_17__carriers_20,0.0
7698__edge_10__force_4,0.0
413__function_16__able_14,0.0
7728__flow_15__current_14,0.5
10283__love_8__picking_1,0.0
5__office_27__head_26,2.0
7649__Experience_1__helps_5,1.0
2355__operations_9__head-up_6,0.5
28__responds_13__charge_16,1.0
3240__ideas_3__founded_11,0.5
1825__discovery_10__astounded_2,0.0
7830__grizzled_27__survivor_28,1.0
239__well-established_13__bodies_14,1.0
273__beer_20__rest_13,0.0
7661__serve_12__sections_18,0.0
7624__A'_16__field_22,0.0
3059__instead_4__worship_7,0.0
240__funding_2__body_12,0.5
3408__browse_27__allow_23,0.0
2302__record_8__track_7,1.0
273__obliged_11__rest_13,2.0
3052__guru_9__broken_5,0.0
7675__field_23__component_19,0.0
6085__house_13__looking_10,0.5
432__fears_5__overcome_3,0.5
7934__smile_26__pale_25,2.5
5953__gust_3__dashed_6,2.0
436__onset_15__revolution_18,0.5
4__bid_11__mounted_14,0.5
2508__excruciating_16__reached_5,0.0
6130__clothes_25__caught_22,1.0
66__hundreds_26__visitors_28,0.0
3308__anatomy_17__allows_13,0.5
3406__short_15__speaking_10,0.0
0__bid_18__leading_13,0.5
3059__devoted_3__worship_7,0.0
3243__evidence_5__lines_3,1.0
6076__air_4__subdued_3,2.0
6036__total_5__retrieval_6,0.0
7678__electron_6__force_3,0.5
7614__electric_23__strength_25,1.0
7920__uncertain_15__sense_16,0.5
1146__setting_8__cool_5,1.0
7899__released_32__settling_25,0.0
73__border-free_17__promoted_12,0.0
7887__flatly_16__lying_15,0.0
7830__survivor_28__battered_25,1.0
3347__stems_16__serve_17,1.0
5913__acquaintance_12__confined_17,0.5
2441__help_2__plants_5,0.5
7685__borrowed_5__term_4,1.0
3433__reading_40__dry_39,1.0
7687__magnitudes_7__concerned_3,0.5
3425__burdened_13__armour_16,1.0
7681__force_4__[formula_9,0.0
434__people_11__handicap_21,0.5
210__unscathed_7__escapes_6,0.0
1137__burials_28__seen_22,0.0
6104__event_16__cast_12,0.5
3251__setting_24__imposes_34,0.0
3426__furious_19__rhinoceroses_21,1.0
7693__consisting_14__beam_13,0.0
7640__directly_7__derived_6,0.0
6085__meant_7__looking_10,0.0
205__machinery_14__throws_8,2.0
7661__following_17__sections_18,0.5
1137__round_15__sets_9,0.0
2320__discussed_6__lightly_7,1.0
2508__time_3__reached_5,0.0
309__oppressive_11__level_8,1.5
427__employment_11__flexible_10,1.5
7703__forces_23__larger_26,0.5
6023__contingency_8__plans_9,0.0
3430__similarity_27__passing_26,1.5
238__quango-like_15__bodies_16,0.5
66__people_40__homeless_39,0.0
7614__satisfy_17__function_9,0.0
42__clause_2__activated_7,1.0
3403__giants_7__habits_4,0.0
7760__aesthetic_23__form_15,0.0
7939__brow_42__heavy_41,2.0
7936__anguish_30__sensation_28,1.0
7675__net_8__charge_9,0.0
7636__form_26__[formula]_27,1.0
5895__anyway_5__bite_12,0.0
1140__fantasy_41__flooding_33,0.0
367__books_5__lot_3,0.5
7900__hard_20__melding_9,0.0
66__homeless_39__people_40,0.0
363__alive_5__eat_3,0.5
5939__pines_15__bowing_16,1.5
7696__represent_14__cancel_11,0.0
5892__short_24__blast_25,1.5
1812__convince_5__pack_8,0.0
396__people_17__holding_3,0.0
7710__field_27__weaker_26,1.0
12629__little_2__sod_3,2.0
5937__time_6__couple_20,0.0
2287__happens_20__curtains_24,0.0
1137__tone_11__sets_9,1.0
5954__mist_18__golden_17,3.0
7643__[formula]_28__reduces_26,0.5
224__watching_13__brief_14,1.0
358__ideas_14__source_12,1.0
22__gripped_16__life_19,3.0
7771__coloured_52__blaze_41,0.0
3270__circumstances_34__consistent_30,0.5
5904__gone_13__restrained_22,0.0
3361__finely_5__toothed_6,1.5
7__criticism_13__faced_11,1.0
4__inefficient_37__headquarters_33,0.0
7899__slowly_24__settling_25,0.0
7932__lightning_12__struck_10,0.5
296__acoustic_14__doodlings_15,2.5
7673__section_4__consider_7,0.0
1448__democracy_68__framework_65,1.5
76__presence_2__scenes_15,0.0
3426__horned_11__Protagonists_1,0.0
6108__father_6__advances_12,0.0
7932__tree_4__struck_10,0.0
7614__strength_25__[formula]_27,0.0
205__throws_8__spanner_10,0.5
2393__corporate_13__plan_14,0.5
311__takeaway_17__Chinese_22,0.5
6003__cigarette_53__butt_57,0.0
2370__corporate_4__plan_5,0.0
3394__waters_6__swimmers_2,0.0
7833__shift_52__unrelated_49,0.5
415__private_32__sector_33,0.5
7683__velocity_23__approaches_27,0.5
3295__construction_2__suggests_7,1.0
249__minority_17__capture_19,0.0
5952__summer_9__neglect_4,2.5
7928__covered_24__stretch_10,0.5
315__policy_6__determined_4,2.0
262__vote_20__tactical_19,1.0
7771__walls_37__blaze_41,3.0
266__vote_8__close_7,1.0
49__alternative_22__system_24,0.0
3287__animal_6__able_8,0.0
7762__feathered_26__furiously_25,3.0
296__name_5__lead_8,0.5
2199__trying_15__tease_17,0.0
57__reduce_14__emphasis_16,0.5
358__source_12__rich_11,1.0
10560__diary_16__lines_28,0.0
3249__evidence_22__direct_21,0.0
7731__lines_36__field_35,0.5
3394__Active_1__swimmers_2,0.0
5978__Shiva_4__rate_3,0.0
267__disarmament_12__calling_9,0.5
390__produced_42__material_36,0.5
7644__direction_15__current_14,0.0
32__course_34__appears_47,0.0
3360__resembling_7__minaret_12,0.0
6046__spirit_6__shock_11,0.0
7945__compensation_8__brought_3,0.5
7899__settling_25__released_32,0.0
1448__councillor_38__battle_35,0.0
254__programme_25__radical_24,0.5
3296__hypothesis_17__direct_13,0.0
6085__time_24__concocted_25,0.0
7871__glittering_16__shot_11,0.0
10702__penny_10__pretty_9,1.5
332__children_20__win_19,1.0
7672__word_23__household_22,1.0
12519__okay_5__divisions_3,0.0
425__becoming_7__dormitories_10,0.5
33__criticise_6__prepared_4,0.0
1445__justice_6__system_4,1.0
325__yarns_2__minefields_5,0.0
3239__creature_29__build_25,1.5
7710__field_27__makes_29,0.5
7722__proportional_18__field_22,0.0
247__nation_29__force_23,0.0
6003__joy_91__peak_89,1.5
249__allows_15__capture_19,0.0
3422__microscope_3__structure_7,0.0
3262__engineering_20__piece_18,1.0
7674__produced_15__beams_12,1.0
3403__Recently_1__looked_10,0.0
14999__reckon_9__bit_4,0.0
2806__farm_25__regulate_21,0.0
7795__people_18__stray_16,0.5
7823__grew_12__raw_9,0.0
7966__shining_6__light_5,0.0
208__proposals_7__Scattered_1,1.0
3385__trilobites_17__found_15,0.0
3423__rate_38__allow_45,0.5
5941__weather_3__held_5,0.5
7866__extravagant_19__fur_16,0.5
7945__children_12__brought_3,0.0
6009__medicine_20__branch_18,1.0
1138__churches_7__rich_5,1.5
7678__electric_2__force_3,1.0
7966__light_5__shining_6,0.5
264__Labour_9__position_13,1.0
404__handling_15__capable_13,0.0
1441__prison_29__spent_27,0.0
5887__son_22__hold_19,0.5
212__review_10__designed_13,0.0
1825__accelerating_18__provoke_24,0.0
2441__regime_9__plants_5,0.0
435__population_19__flows_20,1.0
6134__light_3__golden_2,1.5
273__stage_25__obliged_11,0.0
3043__perfectly_11__grey_12,1.0
7721__charge_6__carriers_7,0.5
58__balance_7__reflect_5,1.0
7720__question_10__arose_15,0.0
7660__follows_52__[formula]_54,0.5
332__sense_28__win_19,0.5
420__network_33__bankroll_30,0.5
7698__edge_10__beam_13,0.5
32__majority_14__hold_21,0.0
2419__built_3__plants_4,0.5
335__sentimentality_6__saved_4,1.5
12562__int_8__shared_5,0.0
2441__help_2__regime_9,0.0
3270__probably_6__answers_4,0.5
7728__ignore_5__field_8,0.0
215__policy_17__centrepiece_12,1.5
269__demands_12__rejection_10,1.0
7697__substitute_18__current_21,0.0
7900__patches_13__melding_9,0.5
5954__bushes_31__lay_21,0.0
2811__children_2__chief_25,0.0
1108__enjoys_9__heart_14,0.0
7614__equation_20__strength_25,0.0
388__technology_21__bogged_17,1.0
7688__velocity_9__close_6,0.5
301__rock_27__circuit_28,0.5
1446__shine_10__corners_14,0.0
3418__active_17__continuously_16,0.5
1415__scalp_18__crawl_19,2.5
7815__dream_8__suggest_2,2.0
57__workers_7__enjoyed_8,0.0
5892__blast_25__short_24,1.0
281__matches_18__plethora_10,0.0
2803__medieval_15__forebears_16,0.5
268__government_24__commit_21,1.0
7618__form_29__obtain_26,0.5
3251__climate_33__restraints_36,0.0
7728__determining_10__current_14,0.0
347__marriage_20__happy_19,1.5
1833__sealing_18__raise_28,0.0
2360__operations_13__planning_12,0.5
7675__electric_22__field_23,1.0
2342__knowledge_8__inside_7,1.0
7690__effect_18__cancels_20,1.0
3394__quantities_31__harvesting_29,0.0
3426__theory_5__Protagonists_1,0.5
254__ground_17__pull_13,0.0
2811__produce_33__mountains_36,2.0
3274__time_10__occupying_14,0.0
3059__Rytasha_11__worship_7,1.0
7621__value_8__assign_5,1.0
6127__drift_17__top_14,0.0
7644__relative_10__sense_3,-1.0
10539__er_5__passed_3,0.5
7834__wool_12__dark_11,0.0
58__fledged_16__system_19,1.5
415__central_16__makes_24,0.0
45__competence_21__vocational_20,1.0
7652__useful_11__potential_8,0.5
3403__habits_4__giants_7,0.5
5954__grass_28__lay_21,0.0
215__form_10__centrepiece_12,1.0
3275__trilobite_27__glimpse_18,0.0
423__house_9__business_11,0.0
356__novel_24__buried_16,2.5
12629__Crafty_1__sod_3,2.5
1441__time_24__spent_27,1.0
7901__voices_3__sexless_2,1.5
7900__mass_4__hard_20,0.0
66__photographs_8__illustrated_6,0.5
6100__inquest_11__account_7,0.0
7644__direction_15__positive_13,1.0
2329__approach_11__over-_9,0.0
12484__equations_14__addition_13,0.5
379__lagging_12__setting_15,0.5
273__rest_13__obliged_11,1.0
5998__set_13__train_15,2.0
28__campaign_4__seen_8,0.5
7654__physics_39__quantity_37,0.5
2436__agreed_14__drive_4,0.0
5950__stood_7__wrench_17,0.0
7644__convention_21__right-hand_20,0.5
435__countryside_23__flows_20,0.0
7900__patches_13__warmth_15,1.5
7749__pigment_60__sang_58,3.0
7712__ions_8__lattice_14,0.0
320__policy_3__odd_2,0.0
7644__path_7__sense_3,1.0
3415__cold-blooded_19__arisen_10,0.0
1422__learned_6__links_8,0.0
7662__currents_14__steady_13,0.5
250__socialism_44__ram_43,2.5
3270__life_19__habits_20,0.0
7619__gauge_22__[formula]_24,0.0
7693__investigate_10__beam_13,0.0
255__placate_25__ground_28,2.0
336__facing_8__sweet_22,0.0
7891__flowers_29__hair_31,1.5
7731__space_23__[formula_31,1.0
15088__laugh_16__reckon_3,0.0
2177__returned_3__feeling_6,0.0
3066__spurious_30__form_31,0.0
265__leaving_17__free_20,1.0
3373__seen_8__veining_4,0.0
2342__questions_12__deal_10,0.5
299__foray_26__brief_25,0.0
2364__empire-building_24__game_25,0.0
7642__integral_24__form_25,0.0
5892__duty_6__whistle_29,0.0
219__set_12__headed_18,0.0
10368__pound_29__rise_30,1.0
12429__total_3__Share_1,1.0
7733__drop_15__potential_14,1.0
281__lookalikes_16__surrounding_13,0.5
5920__snippet_2__inch_12,0.0
265__united_12__leaving_17,0.0
7892__pears_21__read_19,2.0
7809__fingers_19__clutching_18,0.5
232__DoE_13__operate_10,0.0
308__view_13__sweaty_10,2.0
3386__expected_10__token_4,0.0
10468__seeing_4__recall_3,0.0
431__rail_7__talk_3,0.0
7695__hence_11__field_14,0.0
213__effect_9__considers_6,0.0
7958__caps_12__cool_6,0.0
1151__huge_9__sweeps_11,0.0
3289__dwelt_33__habitually_32,0.0
1807__sent_17__team_19,0.5
3325__horseshoe-shaped_7__scars_8,0.0
7847__parody_8__serious_5,1.0
3347__intervals_12__jointed_15,0.0
2316__company_8__ladder_9,1.0
3432__theory_7__pros_2,1.0
5972__bad_22__taste_23,1.0
289__rockers_7__regarded_10,0.0
3433__reading_40__layman_43,0.0
7707__detailed_23__behaviour_24,2.0
3052__money_26__raises_25,1.5
434__worst_20__handicap_21,0.5
3330__fine_18__veins_21,0.0
14986__afternoon_7__round_4,0.0
7920__family_7__flight_4,0.0
10751__lot_8__hell_5,0.5
7871__needles_14__shot_11,3.0
373__sitting_13__fire_16,0.0
7731__flow_43__current_42,0.5
2803__forebears_16__medieval_15,0.0
7733__potential_14__drop_15,0.5
56__line_8__bring_5,0.5
6100__father_14__saved_16,0.0
7710__deflected_23__beam_20,2.0
281__litigation_12__plethora_10,2.0
5887__trying_16__considering_15,0.0
44__16-18-year-olds_7__release_6,0.0
7644__current_14__sense_3,0.0
311__Chinese_22__takeaway_17,0.0
7610__discussed_25__Section_27,1.0
6131__fleshy_19__pad_20,2.0
7751__down-_22__vanes_24,0.0
21__attractive_11__found_6,0.5
358__teacher_8__source_12,0.0
5961__None_1__allowed_4,0.0
10716__int_9__quick_8,0.0
7606__current_19__role_14,0.0
1119__commuters_12__market_16,0.0
7941__containing_7__ploughed_16,0.0
1448__break_44__grip_46,1.0
7617__choose_15__potential_17,0.5
7658__instruments_4__capable_5,1.0
7728__magnetic_7__field_8,1.0
296__doodlings_15__-absorbed_13,1.5
7762__stared_2__feathered_26,0.0
7676__magnetic_54__field_55,1.0
410__prizes_29__branches_33,0.5
7889__androgynes_7__obscured_11,3.0
7942__beginning_37__brave_36,2.0
413__telecottage_11__takes_6,0.0
7741__worth_21__trouble_23,1.0
7624__add_3__gradient_7,0.0
54__politics_48__hot-house_43,2.5
7741__hardly_20__worth_21,0.5
7693__investigate_10__contrast_2,0.0
318__atmosphere_4__whelping_11,0.0
3277__eyes_18__occupy_20,1.5
344__image_31__innocent_30,1.5
329__worse_5__bludgeoned_8,0.0
7660__curve_59__[formula]_54,0.5
2350__track_7__inside_6,0.5
2479__attractive_10__package_12,1.0
7793__coat_26__tent_24,2.0
7899__released_32__grip_34,1.0
265__voters_31__sell_26,0.5
423__country_8__business_11,0.0
5956__beauties_8__meant_15,0.5
272__comes_41__complete_42,0.0
7706__uniform_8__beam_5,0.5
7660__derive_5__law_8,0.5
7900__moving_17__frame_21,0.0
5932__rabbits_6__bloody_5,1.5
7943__cultural_22__transplantation_23,2.0
7669__negative_9__charges_10,0.0
205__throws_8__machinery_14,0.0
359__close_5__links_6,0.0
3300__limestone_8__preserved_10,1.0
67__evenings_67__drawing_69,1.0
2400__power_6__break_10,0.0
238__agencies_7__bodies_16,0.0
383__change_13__setting_10,0.5
1431__pays_2__tribute_3,0.5
7907__expression_23__restricted_20,1.0
3384__kinds_19__found_14,0.0
7710__instability_42__leading_37,0.5
7962__tones_27__responded_22,1.0
7713__magnetic_5__force_6,1.0
2268__talking_5__saga_14,0.0
333__world_13__reassuring_17,0.0
1107__cities_10__spread_7,0.0
7717__carrying_19__current-_18,2.0
7660__formulae_27__nice_26,1.0
7899__grip_34__released_32,0.5
1430__surface_9__damaged_6,0.0
329__reading_10__bludgeoned_8,3.0
1121__painting_29__courses_30,0.0
367__readable_11__lot_3,0.0
2407__wheels_2__set_6,1.0
3268__examples_23__pursued_29,0.0
1116__air_18__pervades_20,1.0
6104__omen_8__shadow_11,0.5
67__situation_51__exploited_53,0.5
3270__design_11__consistent_30,0.5
250__throats_47__ram_43,1.0
7912__agreed_4__recall_10,0.0
2201__repeat_12__boots_9,2.0
7673__uniform_21__density_19,0.5
320__diminishing_22__atmosphere_25,1.0
390__craftsmen_39__material_36,0.0
5954__house_2__lay_21,1.0
7733__current_51__flows_52,0.5
1446__dirty_13__corners_14,1.5
2393__effect_10__plan_14,0.0
361__steam_6__ran_3,2.0
7901__voices_3__rose_4,1.0
261__improve_15__giving_4,0.0
217__knock_6__keystone_9,0.0
256__system_28__inferior_25,0.5
2458__ability_12__stooging_13,0.0
1151__beach_14__sweeps_11,2.0
7697__respectively_37__refer_31,0.0
434__overcome_18__handicap_21,1.0
12562__shared_5__lines_7,0.5
12473__add_23__add_21,0.0
7763__language_7__finding_4,1.5
7675__unit_11__[formula]_13,0.0
5886__minds_25__recesses_21,1.0
381__revolution_4__untouched_12,0.0
7964__experience_31__envelops_27,2.0
321__stains_2__change_10,0.0
5852__picture_2__occupied_18,0.5
3424__mouths_9__support_21,0.0
299__brief_25__foray_26,0.0
332__sense_28__wicked_27,1.0
7817__colour_16__skin_11,0.0
7614__equation_20__satisfy_17,1.0
1138__exceptionally_4__rich_5,0.0
267__rejection_5__recommending_4,0.5
229__policing_8__leave_3,0.0
427__telecottages_4__aim_2,1.0
373__fire_16__sitting_13,0.0
7656__none_17__formulations_20,0.0
7834__browns_22__caught_24,0.0
7__commentators_16__counts_20,0.0
7690__kinds_12__cancels_20,0.0
2178__looked_18__grey_19,1.0
7674__try_38__beam_34,0.0
54__court_15__setting_9,0.0
7962__biologically_23__tones_27,0.0
7676__specified_61__[formula_63,0.0
2356__plans_8__co-ordinating_5,0.5
396__life_22__walks_20,2.0
303__strong_17__remains_15,0.0
7957__shadows_9__housing_13,0.0
2329__friendly_10__approach_11,1.0
1133__wealth_12__commemorate_10,0.5
7717__conductors_20__carrying_19,1.0
7696__opposite_15__charges_16,0.0
10373__day_6__sorry_5,1.5
7708__conclusions_5__drawn_8,1.0
10686__family_33__runs_36,0.0
5907__residing_14__considered_12,0.0
48__election_25__scoop_15,0.0
3414__debated_13__aspects_3,0.5
7915__exacerbated_13__form_9,0.5
15087__round_13__comes_12,0.5
7847__serious_5__parody_8,1.0
2421__component_9__plants_10,1.0
3067__dozen_29__dime_27,0.5
7814__name_2__suppress_7,0.0
41__accompanied_9__achieve_5,0.0
247__government_19__sought_21,0.5
381__untouched_12__revolution_4,0.0
7647__equations_31__attack_27,1.0
247__sought_21__force_23,0.0
7740__proportional_34__resistance_20,0.5
5983__minds_2__reached_5,0.5
3433__reading_40__makes_36,0.0
2331__special_7__reception_8,0.5
7612__alternative_10__formulations_11,0.5
7656__immediate_61__effect_62,0.5
6108__talking_8__advances_12,0.0
7981__judges_8__judge_2,0.0
10702__pretty_9__penny_10,2.0
7621__divergence_11__function_15,0.5
7740__electrical_19__resistance_20,0.5
7666__heading_35__section_34,0.0
8002__ignore_26__considered_24,0.0
3329__planes_11__bedding_10,1.0
7901__cold_7__rose_4,0.0
7676__[formula]_19__current_42,0.0
7717__current-_18__carrying_19,1.0
5967__car_13__met_11,2.0
3282__view_16__field_14,0.5
1427__life_13__blankness_7,0.0
3270__functional_10__design_11,0.5
7660__[formula]_54__follows_52,0.0
54__discussion_33__deserves_31,1.0
3414__aspects_3__strongly_12,0.0
7900__sometimes_8__melding_9,0.0
6052__savagery_10__cold_9,2.5
3296__confirmation_14__direct_13,1.0
246__motion_30__oppose_26,0.5
7683__comparison_16__force_12,0.0
3055__system_20__slip_25,0.0
3270__probably_6__obtained_7,0.0
6034__disc_24__lost_18,0.0
3066__teach_27__form_31,0.5
33__vote_33__power_36,0.0
247__programme_25__force_23,0.5
2248__smile_6__lit_9,2.0
6060__neo-Georgian_17__palace_18,0.0
7785__age_18__passed_16,1.5
28__language_10__seen_8,0.5
7900__melding_9__hard_20,0.0
7891__dense_28__flowers_29,1.0
10474__bloody_5__hell_6,1.5
272__complete_42__comes_41,0.0
44__required_4__release_6,0.0
1131__cat_17__greeted_25,0.5
7762__lines_27__feathered_26,2.0
7771__sunflowers_43__blaze_41,3.0
3285__lens_12__interpret_16,1.0
1127__river_38__stretch_34,0.5
43__jobs_33__skilled_32,0.5
7618__form_29__[formula]_30,0.0
10603__mean_2__gone_7,0.0
7900__frame_21__moving_17,1.0
7630__equation_8__form_25,0.0
5998__clinic_29__admitted_23,0.0
7656__effect_62__banned_59,0.0
431__commuting_5__talk_3,0.0
7962__donkey-brown_31__tones_27,1.0
381__swaths_8__untouched_12,0.0
3325__scars_8__cushions_11,0.0
5955__glazed_20__shone_18,0.0
23__money_14__lost_12,0.5
0__unbundler_3__reveals_4,1.0
7769__source_20__coiled_3,0.0
6037__hungry_25__feeling_23,1.0
7652__vector_7__potential_8,0.5
5886__deep_20__recesses_21,0.5
7683__velocity_29__approaches_27,0.5
7762__mass_23__lines_27,1.0
3257__biologically_7__related_8,0.0
45__complementary_8__goals_9,0.0
2399__rising_9__hackles_8,1.0
7682__Section_15__derived_13,0.0
249__constitution_13__effete_12,3.0
435__actually_14__reverse_17,0.0
417__bureaucratic_11__response_12,1.0
10565__look_5__recall_12,0.0
15198__punching_10__shit_11,1.0
7823__news_6__raw_3,3.0
3347__distinguish_19__serve_17,0.5
7755__late_10__habit_7,0.0
1127__house_6__run_7,1.0
6003__drops_72__laced_69,1.0
7823__news_6__raw_9,0.0
3411__left_11__allies_17,0.0
2364__fall_20__game_25,0.0
1131__querulously_27__greeted_25,1.5
3259__hunting_20__habits_21,0.0
7603__currents_2__Steady_1,0.5
10372__health_17__stamp_18,0.5
7753__grass_5__splashes_9,3.0
3423__argued_8__hand_4,0.0
7608__[formula]_28__yielding_27,0.5
376__principled_5__pair_6,2.0
7690__magnetic_25__field_26,1.0
353__hang_55__coat-hanger_53,0.0
12470__left_5__additions_4,0.5
216__superior_21__status_22,1.0
268__abolishing_26__power_29,0.5
7760__repetition_17__form_15,1.0
316__venue_25__wholesome_24,0.5
6076__changed_6__air_4,1.5
1122__book_10__couple_14,0.0
7953__wild_9__blows_10,1.0
7762__blue-green_29__lines_27,0.0
7817__dazzled_7__skin_11,1.0
7643__integral_14__current_21,0.0
2447__heard_6__strike_10,0.0
404__faxes_16__handling_15,0.5
5884__call_23__led_19,0.5
239__ones_9__merge_7,0.5
57__enjoyed_8__rights_10,0.0
7702__magnetic_14__force_15,1.0
3309__motion_22__frozen_21,2.0
3403__habits_4__looked_10,0.5
281__attached_20__release_23,0.5
2188__smiled_2__thinly_3,2.5
22__partly_7__atmosphere_13,0.0
7830__survivor_28__survivor_22,0.0
7892__read_19__androgynous_23,0.5
246__oppose_26__decided_23,0.0
7904__played_3__slaughter_6,3.0
7614__[formula]_27__strength_25,0.0
2364__bloody_23__game_25,1.0
3426__Cretaceous_16__Protagonists_1,0.0
7689__observing_13__fields_15,1.5
1812__bags_10__pack_8,0.5
3431__dinosaurs_17__closely_20,0.0
7614__satisfy_17__automatically_16,0.0
322__sect_38__home_34,0.0
7743__eqn_16__refer_14,0.0
2197__conclusion_7__coming_4,0.5
7720__arose_15__current_14,0.5
7890__self-sufficiency_49__combined_46,0.5
7965__daily_11__pabulum_17,0.0
342__story_11__bring_5,0.0
7934__creature_21__nature_17,0.5
396__meetings_5__holding_3,2.0
7656__lose_50__banned_59,0.0
7622__choice_14__freedom_12,0.5
218__challenge_7__sought_5,0.0
7892__themselves_25__androgynous_23,0.0
1815__liberated_12__mantle_16,0.0
7665__assumed_12__fields_10,0.5
7676__azimuthal_50__component_51,0.0
10747__birth_31__range_32,0.0
396__people_17__walks_20,1.0
6006__cold_21__clarity_22,3.0
7733__flows_10__current_9,0.5
358__rich_11__source_12,2.0
325__minefields_5__moral_4,3.0
7814__pleasure_22__apprehending_24,1.0
3251__restraints_36__imposes_34,0.0
289__destined_12__regarded_10,0.5
7690__electric_14__charges_15,0.5
6043__luck_5__nature_3,0.0
7663__roughly_4__divided_5,2.0
6104__shadow_11__omen_8,1.0
3424__mouths_9__giants_12,0.0
3383__live_6__preferred_4,0.0
2178__headaches_3__blinding_2,1.5
289__route_24__self-destruct_22,0.0
7728__determining_10__lines_12,0.0
5900__police_3__hunting_6,0.0
7688__particles_3__travel_5,0.0
7694__kinds_7__densities_12,0.0
3052__charity_18__distributes_36,0.5
7696__cancel_11__currents_2,1.0
422__equipment_13__sophisticated_12,1.0
7933__fall_11__dark_15,0.0
3249__evidence_22__activities_26,0.0
7647__equation_12__law_20,0.0
74__ideal_12__shattered_14,1.5
6055__father_12__communicated_8,0.0
7647__equation_12__law_24,0.0
2811__eat_8__cake_10,0.0
2378__organisation_3__wound_6,1.0
7657__popular_7__potential_3,0.5
7843__forever_24__gone_23,0.0
7763__world_17__illuminated_15,0.5
6125__able_12__bear_14,0.0
392__countries_20__world_19,0.0
7679__magnetic_2__force_3,1.0
7886__body_6__gold_5,0.0
5998__train_15__set_13,2.0
7765__write_9__plain_11,0.0
58__differences_27__remove_22,1.0
3261__analogues_41__stand_44,1.0
56__expertise_41__based_34,0.0
3399__animals_3__attracted_6,0.5
7727__magnetic_6__field_7,1.0
2397__imports_12__market_10,0.0
205__review_7__spanner_10,0.0
7642__surface_41__[formula]_42,0.0
7684__owing_7__unstable_21,-1.0
7643__theorem_5__-side_9,0.5
57__positive_9__rights_10,2.0
255__process_21__designed_23,1.0
7889__rimmed_53__bright_50,0.0
350__couple_24__spending_20,0.0
2480__permitted_12__terms_11,0.5
7660__law_8__derive_5,0.5
10686__family_39__runs_36,1.0
7731__lines_40__flow_43,1.5
7934__considered_14__smile_26,0.0
72__article_9__contents_4,0.5
7613__analogue_8__search_5,0.5
7843__excess_15__dream_12,2.0
7710__weaker_26__field_27,1.0
3052__people_41__distributes_36,0.0
1137__round_15__tone_11,0.0
253__Labour_1__acquiescing_4,0.5
272__pint_46__complete_42,0.0
7830__battered_25__survivor_28,0.0
5920__measured_9__inch_12,0.0
256__obliged_32__system_28,0.0
5896__chagrin_22__helpless_21,0.5
7720__current_14__arose_15,0.5
6076__air_4__changed_6,2.0
12548__similar_7__line_8,0.0
3050__relationship_34__uneasy_33,1.0
423__business_11__runs_6,1.0
55__welcomed_9__move_6,1.0
6__own_10__admission_11,0.5
7687__magnitudes_7__forces_12,1.0
7614__scalar_8__function_9,0.0
7682__formula_22__force_25,1.0
81__anxiety_8__recipe_4,2.0
10747__artists_22__lot_17,1.0
3394__directly_15__swimmers_2,0.0
205__spanner_10__throws_8,2.0
3390__scrutiny_29__careful_28,1.5
7685__optics_8__borrowed_5,0.0
1819__symposium_19__delivered_11,0.0
7891__breasts_25__flowers_29,0.0
7769__coiled_3__source_20,0.0
1447__government_27__dug_16,1.0
7673__electrons_29__travel_30,0.5
1131__greeted_25__querulously_27,1.0
7934__pale_25__smile_26,3.0
3417__greatly_11__extended_12,1.0
6007__liberty_23__look_16,0.5
5908__house_31__placed_30,1.0
7643__current_17__density_18,1.0
244__Labour_9__accept_11,0.5
254__pull_13__build_10,1.0
3340__leaflets_14__preserved_12,0.0
253__continued_13__arguing_14,0.0
2810__collected_17__assist_19,0.0
3394__oceans_10__swimmers_2,0.0
7742__relation_7__law_15,0.5
212__act_15__irritants_17,0.5
338__approval_21__win_19,1.0
7763__painter_10__world_17,0.0
15225__sod_3__little_2,2.0
37__rate_6__stands_7,1.5
3321__arranged_11__scars_10,1.0
2813__80-foot_8__masts_9,0.0
218__sought_5__challenge_7,0.0
7749__morning_41__lead_39,2.5
7811__water_3__shone_4,3.0
7940__family_9__name_17,0.0
3250__dinosaurs_17__stance_14,0.0
1137__marriages_26__seen_22,0.0
2236__bay_6__quiet_5,1.0
5938__Coincidentally_1__broke_10,0.0
425__villages_3__dying_5,2.0
3296__oceans_42__look_22,0.0
2356__co-ordinating_5__plans_8,0.0
7962__greys_34__dark_40,0.0
266__defence_10__close_7,0.0
1827__degrees_5__awarded_3,0.0
7632__yield_5__integration_3,1.0
3251__climate_33__imposes_34,0.5
6137__illusion_10__scenario_9,0.0
336__mould_39__breaks_37,0.5
249__power_20__capture_19,2.0
2808__farm_9__released_3,0.5
3285__lens_29__interpret_16,0.0
405__unlikely_5__allies_6,0.0
5955__sky_7__tumbled_4,2.0
5984__animal_18__devotion_14,0.0
3259__teeth_10__ferocious_9,2.5
7891__flowers_29__dense_28,1.0
6136__awareness_14__reproachful_16,0.0
361__ran_3__steam_6,2.0
7891__pears_23__breasts_25,2.5
3251__diagnoses_21__character_2,1.5
7771__light_53__blazed_50,2.5
7635__vector_50__[formula]_25,0.0
289__life_18__stadia_16,3.0
3432__pros_2__cons_4,0.0
251__government_16__delivering_14,2.0
7630__eqn_15__[formula]_13,0.0
249__minority_17__power_20,0.0
334__books_2__characters_24,0.0
7751__round_14__gold_12,0.0
7606__main_13__role_14,0.0
5955__shone_18__glazed_20,0.0
7676__eqn_12__law_10,0.0
3398__interpretation_29__habits_33,0.0
7812__enveloping_20__veil_21,1.5
7675__[formula]_13__charge_9,0.0
3400__Mesozoic_8__giants_9,1.0
7698__electron_7__force_4,0.0
7933__needles_18__avalanche_13,3.0
319__gone_15__incarnations_18,0.0
3389__waters_13__swimmers_9,0.0
4__mounted_14__head_3,0.0
7635__variable_20__integration_19,0.0
7939__aspects_34__parallels_30,0.5
214__contemplate_4__rebuilding_18,0.0
7779__country_19__queer_18,1.5
15320__ash_19__bloody_18,2.0
227__departments_3__born_5,1.0
353__pictures_56__hang_55,0.0
417__typically_9__response_12,0.0
73__elections_6__promoted_12,0.0
7825__seen_32__repeated_33,0.5
7697__particles_36__negative_33,0.5
1436__deep_35__cut_34,0.5
21__fairly_19__hefty_20,0.5
56__law_36__based_34,0.0
1446__corners_14__shine_10,0.0
7606__played_16__charged_21,0.0
56__dispassionate_32__handle_26,0.0
373__round_14__fire_16,1.0
7644__integration_6__path_7,0.5
340__scrutiny_20__stand_16,1.0
400__advanced_3__plan_6,0.5
36__proposals_15__gap_6,1.0
7966__shining_6__darkness_8,0.0
7812__veil_21__enveloping_20,1.5
7982__family_5__runs_2,0.0
336__realities_13__harsh_12,1.5
40__four-year_24__courses_26,0.0
379__setting_15__lagging_12,0.5
420__provide_13__happy_11,0.0
1146__lunch_28__course_27,0.5
6126__bad_14__dream_19,0.5
2479__separation_11__package_12,1.0
2370__win_9__plan_5,0.5
1436__collective_38__conscience_39,2.0
220__investment_22__determing_21,0.0
7729__depending_18__left_4,0.0
7958__descended_4__cool_6,0.0
10569__sort_4__sets_6,0.0
1133__fifteenth_18__commemorate_10,0.0
343__thanks_10__minefield_9,0.0
7956__impotently_9__fist_7,-1.0
7728__field_8__safely_4,0.0
7676__obtained_6__field_3,1.0
7614__satisfy_17__form_12,0.0
297__rock_9__long-haired_8,3.0
7721__carriers_7__charge_6,1.0
5983__terror_9__reached_5,0.5
353__words_49__started_50,0.5
10344__stupid_7__feel_4,1.0
384__concept_16__spreading_24,1.0
226__department_10__require_7,1.0
15198__night_6__shit_11,0.0
2203__sad_3__sack_4,2.5
2390__country_16__link_7,0.0
7617__equation_5__[formula]_6,0.0
3378__petals_6__veined_9,0.5
7956__metaphorically_3__fist_7,0.0
7889__objects_35__swam_47,1.5
7618__modified_28__form_29,0.0
3260__mammals_32__unrelated_31,0.0
7715__ions_34__force_31,0.5
435__beginning_15__reverse_17,0.5
3406__toes_18__tend_27,0.0
5904__restrained_22__gone_13,0.0
7985__women_38__witch-_37,3.0
10592__footballer_3__bloody_2,1.0
1431__treatment_6__tribute_3,0.5
3056__cameras_16__explained_13,0.5
3316__forms_2__spread_4,1.0
3279__suggest_14__mode_17,0.0
5867__feelings_44__revived_41,2.0
7962__touches_36__dark_40,0.5
2429__forward_8__looking_7,0.0
1422__paramilitaries_16__links_8,0.5
3239__living_28__creature_29,0.0
7760__contrived_21__form_15,1.0
15526__am_3__hell_5,1.5
7891__informed_2__pears_23,0.0
239__replace_12__bodies_14,0.0
7668__defocusing_2__beam_6,0.5
2356__provide_10__plans_8,0.0
294__path_12__beat_10,1.0
318__whelping_11__atmosphere_4,0.0
7733__electrode_18__drop_15,0.0
10564__little_4__line_8,0.0
212__antagonists_19__act_15,0.0
3330__network_28__form_26,0.0
5962__stunted_27__uncompromising_8,0.0
7679__direction_25__[formula_23,0.0
7710__makes_29__weaker_33,0.5
7933__green_16__dark_15,0.5
7717__carrying_19__conductors_20,0.5
5954__raft_15__mist_18,2.5
384__evocation_8__describes_14,0.0
6120__violently_15__jerked_14,1.5
73__representatives_8__promoted_12,0.0
1121__courses_30__running_28,0.5
48__ground_20__centre_19,1.0
6108__father_6__spirits_3,0.5
313__performers_7__rest_10,0.0
10747__lot_17__look_29,0.0
381__revolution_4__left_6,0.5
7751__path_8__simmering_10,2.0
1137__book_3__sets_9,0.5
265__time_24__free_20,0.5
3274__variation_28__wide_27,0.5
3258__similar_10__closely_9,0.5
54__relations_29__system_30,0.0
3312__calcareous_3__belonging_6,0.0
250__people_14__forced_11,0.0
3425__dinosaurs_5__plated_4,0.5
7660__vector_49__potential_50,0.5
7708__Nevertheless_1__drawn_8,0.0
370__people_15__armies_13,1.5
36__double_20__gap_6,0.0
6063__exclusively_4__subject_7,0.0
2287__operations_15__planning_14,1.0
7734__conductor_24__current_21,0.0
395__immediate_25__impact_2,0.5
33__themselves_31__bring_30,0.5
81__fear_6__recipe_4,2.0
6085__tale_27__concocted_25,1.5
3413__evidence_4__balance_2,2.0
289__stadia_16__destined_12,0.5
7766__splashes_48__washed_49,0.0
3240__reconstructions_15__coloured_14,1.5
321__survived_7__change_10,1.0
58__class_23__remove_22,0.5
15522__laugh_1__Throw_2,0.0
3365__disperse_26__help_22,0.0
5998__arrangements_17__admitted_23,0.0
7943__unable_19__bear_21,0.0
217__knock_6__seek_4,0.5
3433__equivalence_15__lot_2,0.5
237__functions_4__transfer_21,0.5
7817__flowing_10__skin_11,2.0
2479__package_12__attractive_10,1.5
7753__splashes_9__blood_11,1.0
320__policy_3__diminishing_22,0.0
3416__bask_22__climates_28,0.0
6003__drink_63__laced_69,0.0
7706__beam_5__possess_12,1.0
2268__never-ending_12__saga_14,0.0
7900__patches_13__moving_17,0.0
7675__symmetry_5__charge_9,0.0
2811__food_35__mountains_36,3.0
213__changes_13__co-ordinated_21,0.5
7733__materials_55__flows_52,0.0
3424__metabolism_24__support_21,1.5
226__require_7__able_4,0.0
3274__ecological_16__niches_17,1.0
6114__Women_1__change_4,0.0
7728__ignore_5__determining_10,0.0
289__destined_12__stadia_16,1.0
2399__hackles_8__rising_9,1.0
3054__system_17__irritation_16,0.5
395__impact_2__immediate_25,1.0
289__rockers_7__-about_5,0.0
2429__retirement_10__forward_8,0.5
229__law_15__leave_3,0.0
2402__drunk_6__power_5,2.5
43__bid_12__unskilled_29,0.0
5853__times_10__allowed_5,0.0
7703__diameter_4__beam_7,0.0
3255__reconstruction_5__proceed_2,0.5
74__article_8__appear_5,0.5
7688__rarely_4__travel_5,0.0
255__centre_27__ground_28,1.0
7769__Metaphor_1__lay_2,2.5
7940__name_17__tried_15,0.5
1129__recently_4__changed_2,0.5
7636__modified_25__form_26,0.0
1427__dissolve_10__blankness_7,3.0
2440__hates_4__guts_6,1.5
5886__baser_9__feelings_10,0.5
289__Loaded_2__self-destruct_22,0.0
265__sell_26__package_29,1.0
7940__interspersed_38__buried_25,0.0
7683__electric_19__force_20,0.5
7788__eternal_2__youth_3,2.0
7680__inward_9__force_10,1.0
10514__clears_1__couple_5,0.0
1822__carried_22__master_29,0.0
311__name_10__salubrious_21,0.0
282__playing_49__material_52,0.5
7637__moment_8__sort_10,0.0
7736__voltage_18__apply_16,0.5
2359__nervousness_20__increasing_19,0.5
349__highlighted_7__strength_2,1.0
15026__gon_10__bet_12,0.0
7644__direction_15__convention_21,0.0
415__regime_7__tight_5,1.5
7891__flowers_29__breasts_25,0.0
3240__imaginative_36__scenes_37,1.0
273__stand_16__rest_13,1.0
3262__analyse_6__piece_18,0.0
3285__direction_21__coming_18,0.5
6048__dug_3__lot_6,0.0
32__referring_31__appears_47,0.0
320__atmosphere_25__diminishing_22,1.5
7940__family_9__buried_25,0.0
57__emphasis_16__immunities_19,0.0
7644__right-hand_20__convention_21,0.0
3265__efficient_7__designs_8,0.0
5955__clouds_3__Dirty_1,3.0
2488__headaches_5__blinding_4,2.0
256__require_12__system_9,0.5
1448__operating_62__framework_65,0.5
14957__size_4__seeing_2,0.5
3360__arab_11__minaret_12,0.0
5910__fire_20__hung_19,2.5
5864__trying_7__jog_9,0.0
7621__vector_14__function_15,0.0
420__provide_13__priming_15,0.0
39__improve_14__position_17,1.0
7643__density_18__current_17,0.5
279__week_5__bending_2,0.0
2264__bastards_19__destroy_27,0.0
205__review_7__machinery_14,0.0
7669__positive_7__charges_10,0.0
7906__nature_19__confronted_16,0.5
7769__Metaphor_1__coiled_3,3.0
7676__system_60__field_55,1.0
7715__inward_30__force_31,0.5
5977__intuition_5__accurate_8,0.5
39__education_5__add_2,1.0
40__transform_4__situation_6,1.0
2456__taking_3__plan_6,0.0
7638__set_36__field_34,0.0
251__government_16__strong_15,0.5
3285__light_17__interpret_16,0.5
5937__weeks_22__couple_20,0.0
2508__evening_8__reached_5,0.0
7694__directions_17__opposite_16,0.0
7934__nature_17__considered_14,0.0
3365__maple_4__family_5,1.5
3239__creature_29__living_28,0.0
5895__worse_9__bark_3,0.5
7614__function_9__scalar_8,0.0
282__type_51__material_52,0.0
353__framed_28__brilliant_27,0.0
26__DRG_8__makes_9,0.0
3403__looked_10__habits_4,0.5
2364__game_25__fall_20,0.5
7764__quarrels_20__drama_14,0.0
7693__electrons_23__investigate_10,0.0
249__effete_12__constitution_13,3.0
1142__world_7__image_4,1.0
3422__dinosaurs_10__structure_7,0.0
2390__shots_22__calling_20,1.0
8__unfounded_6__charges_4,0.0
296__self_12__doodlings_15,0.0
2425__hat_7__collect_5,1.0
7707__unable_19__predict_21,0.0
3398__animals_11__seen_15,0.0
333__vision_10__rose_8,2.0
15557__Twice_1__watching_7,0.0
6089__importance_6__vital_5,0.5
10368__pensioners_25__rise_30,0.5
342__interpretation_8__bring_5,0.5
1422__suspicion_24__deep_23,1.5
6007__practice_5__lose_3,0.5
208__plethora_58__Set_55,0.5
7794__name_12__fumbling_10,2.0
311__name_10__ingredients_14,0.0
211__explicitly_11__aim_6,0.0
7766__leafage_41__stripped_37,1.5
7726__magnetic_14__field_15,1.0
7727__effect_24__pinch_23,0.0
7889__rimmed_53__swam_47,0.0
7709__larger_17__forces_15,0.5
7693__contrast_2__investigate_10,0.0
6055__anger_6__shown_14,0.5
7617__equation_36__[formula]_37,0.0
6108__talking_8__spirits_3,0.0
41__achieve_5__accompanied_9,0.0
6056__low_19__lying_18,1.0
6020__enormous_17__shock_15,1.5
7751__path_8__spreading_20,1.0
7733__current_9__flows_10,2.0
5852__screen_20__occupied_18,1.0
6007__forward_17__look_16,0.5
259__dangers_17__giving_19,0.0
299__evening_20__appetising_19,1.0
1432__dramatically_30__change_29,0.5
7825__versions_21__ghostly_20,2.5
3405__resembling_11__pillar-_7,0.0
2391__political_10__dynamite_11,3.0
7741__easily_13__arrived_14,0.5
6003__sanctuary_30__reached_95,0.0
383__setting_10__change_13,0.0
7742__equivalent_11__law_15,0.0
7684__electron_18__beam_19,0.5
7644__positive_2__sense_3,1.0
33__simply_27__bring_30,0.0
7737__electric_2__field_3,1.0
359__jokes_20__spend_13,0.0
1423__serge_28__blue_27,0.0
7710__magnetic_3__field_4,1.0
268__supported_12__commit_21,0.0
7731__reinterpret_7__lines_40,0.0
5910__hung_19__fire_20,2.5
253__outrage_9__acquiescing_4,0.0
3267__active_28__swimmers_29,1.0
7680__direction_14__force_10,0.0
12516__currency_5__divisions_8,0.0
58__court_18__system_19,0.0
2813__putting_6__masts_9,0.0
1445__sort_2__system_4,0.5
7912__day_23__recall_10,0.0
2390__calling_20__shots_22,1.0
7962__spiritually_25__tones_27,0.0
7660__magnetic_32__leads_24,0.0
6131__drove_16__pad_20,0.0
7962__responded_22__tones_27,1.0
1415__interrogated_10__account_7,0.0
15225__laugh_5__sod_3,0.0
5907__naturally_10__considered_12,0.5
2811__children_2__cake_10,0.0
3277__quarter_23__occupy_20,0.0
282__glasses_38__dark_37,0.5
7683__equation_8__seen_4,1.0
7842__sweaters_5__batwing_4,2.0
5921__question_4__told_10,0.0
10747__hell_36__lot_39,1.0
2178__taking_12__toll_14,1.5
33__booth_25__bring_30,0.0
3240__founded_11__reconstructions_15,1.0
2236__Gorgeous_1__overlooking_3,0.0
3394__plankton_18__swimmers_2,0.0
3245__shown_14__reveal_4,0.0
7735__deriving_12__return_4,0.0
303__conviction_14__remains_15,0.5
7625__ensure_7__[formula]_9,0.0
7740__proportional_22__resistance_20,0.5
7676__magnetic_2__field_3,1.0
272__TIPS_2__rule_5,0.0
211__declared_12__aim_6,0.0
254__argument_6__build_10,0.0
7871__needles_14__silver_17,3.0
344__image_31__lined_26,0.0
1423__hint_21__jackboot_24,3.0
5955__rain_22__glazed_20,3.0
7947__wounds_14__pieced_3,0.0
7811__shone_4__arrested_2,0.0
7940__tried_15__name_17,0.0
3413__giant_16__balance_2,0.0
3249__sediments_2__preserved_6,0.5
1820__waiting_24__felled_19,0.0
1815__liberated_12__fallen_20,0.0
2311__music_10__stopped_11,0.0
7780__makes_14__character_12,0.0
3414__debated_13__strongly_12,1.0
7641__magnetic_9__field_10,1.0
7660__defined_38__[formula]_40,0.5
7673__consider_7__beam_11,0.0
7676__[formula]_47__current_42,0.0
5867__inseparable_20__bitterness_24,0.5
3240__coloured_14__reconstructions_15,2.5
6037__cold_12__feeling_23,0.0
311__takeaway_17__ingredients_14,0.0
1137__book_3__moving_6,0.0
12565__cos_3__shared_7,0.0
3314__stand_5__rods_8,0.0
336__book_28__breaks_37,0.5
7696__represent_14__charges_16,1.0
7871__hair_4__needles_14,0.0
7833__style_15__changed_13,1.0
3432__debate_14__subject_10,0.0
3067__dime_27__dozen_29,0.0
1422__suspicion_24__shrug_32,0.0
7613__function_12__potential_11,0.0
7735__return_4__deriving_12,0.0
7682__derived_13__[formula_9,0.0
7738__material_14__resistance_11,1.0
3362__Cretaceous_13__upper_12,1.5
7665__fields_10__assumed_12,0.5
3063__pounds_20__lost_23,0.0
340__Wind_11__stand_16,0.0
58__reflect_5__balance_7,1.5
7683__negligible_14__force_12,1.0
7843__forever_9__gone_8,0.0
207__barely_20__considers_21,1.0
223__consumers_18__voice_20,0.5
7683__comparison_16__force_20,0.5
3351__branches_6__carries_4,0.5
289__talked_4__Loaded_2,0.0
7684__electrons_14__forces_11,0.0
39__add_2__position_17,0.0
272__comes_41__decent_45,0.0
7624__[formula]_24__field_22,0.0
7904__descant_13__hunting_14,2.5
350__means_34__nature_3,0.5
7728__lines_12__determining_10,1.0
28__bid_22__mounting_20,1.0
3312__Coelosphaeridium_10__belonging_6,1.0
7696__currents_2__cancel_11,0.5
5892__home_9__music_13,0.0
7962__biologically_23__responded_22,1.0
7681__[formula_9__force_4,0.0
1818__hours_4__kept_2,1.0
5907__son_9__considered_12,0.0
3405__legs_9__pillar-_7,2.0
372__written_9__prescription_12,1.0
7728__lines_12__flow_15,0.5
7690__kinds_12__charges_15,0.0
7606__charged_21__played_16,0.0
7731__material_28__lines_36,0.0
7811__arrested_2__shone_4,0.0
7624__function_11__scalar_10,0.5
7956__-field_15__looming_13,1.0
6106__hi_13__sick_15,0.0
57__workers_7__emphasis_16,0.0
7643__integration_33__line_32,0.5
58__power_9__balance_7,1.0
2199__lethargy_23__tease_17,0.0
7889__told_2__directed_20,0.0
7847__uniform_7__parody_8,1.5
420__private_4__sector_5,0.5
415__regime_7__central_16,0.0
1448__framework_65__operating_62,1.0
336__book_28__mould_39,0.0
7735__configuration_10__simple_8,0.5
7934__considered_14__nature_17,0.0
3301__fin_29__rays_30,0.5
3365__flat_17__wings_19,0.0
12601__equation_3__line_7,0.0
7644__sense_3__positive_2,1.0
7694__equal_11__densities_12,0.5
3416__lizards_19__climates_28,0.0
5944__hard_11__shower_14,2.0
7636__strength_33__field_32,1.0
7627__specified_6__density_4,0.0
1816__retirement_11__mantle_4,0.0
7923__olives_22__pain_16,3.0
2264__destroy_27__bastards_19,0.5
10577__road_25__taking_23,1.0
7698__Hence_1__force_4,0.0
7675__component_19__yielding_15,0.5
7676__eqn_12__obtained_6,0.0
2287__planning_14__operations_15,0.0
7656__effect_62__immediate_61,0.5
7705__diameter_8__beam_7,0.5
2397__supply_7__market_10,0.0
7712__crystal_13__lattice_14,1.5
45__achieved_11__goals_9,0.0
7923__lecturing_28__pain_16,0.0
3251__character_2__diagnoses_21,0.0
3414__aspects_3__habits_8,0.5
3301__divide_32__rays_30,0.0
7904__treble_11__hunting_14,2.5
404__capable_13__handling_15,0.0
3383__trilobites_3__preferred_4,0.0
269__controversy_5__rejection_10,0.0
311__salubrious_21__Chinese_22,2.0
3262__method_3__tries_4,1.0
7940__daughters_42__variegated_40,3.0
431__abstract_2__talk_3,1.0
1820__felled_19__stroke_22,3.0
7635__vector_31__[formula]_25,0.0
403__skills_12__sharing_11,0.5
1448__break_44__battle_35,0.0
12525__shared_4__division_2,1.0
7911__looked_2__pale_28,0.0
5982__reasonably_16__safe_17,1.0
7801__catalogue_5__free_4,0.0
7710__instability_42__kink_41,3.0
3297__compared_31__relatives_35,0.0
3408__functioned_21__allow_23,0.0
7674__electrons_47__forces_43,0.0
2407__set_6__wheels_2,0.0
1120__directly_23__looking_22,0.0
3245__Chapter_16__shown_14,0.0
7658__measure_7__capable_5,0.0
279__Cheerfully_1__bending_2,1.5
254__pull_13__ground_17,0.0
3055__smile_7__trace_4,0.5
338__matter_3__Curious_1,2.0
7939__names_10__reappeared_22,1.0
40__transform_4__hopes_2,1.0
57__emphasis_16__reduce_14,2.0
7817__colour_16__delicate_15,3.0
3362__Cretaceous_13__extending_8,0.5
3268__analysis_26__pursued_29,1.0
7660__derive_5__helped_2,0.0
2203__sack_4__sad_3,3.0
7676__[formula_63__specified_61,1.5
22__casino_12__atmosphere_13,1.5
2365__complex_8__handled_11,0.0
7709__constricted_31__beam_27,1.0
3282__direction_11__field_14,0.5
45__receive_40__standard_48,0.0
7722__proportional_18__density_13,0.0
3063__village_22__lost_23,0.5
261__disproportionate_5__power_6,0.5
205__review_7__throws_8,2.0
2356__regional_7__plans_8,0.0
5939__wind_21__shivering_18,0.0
1139__afternoon_15__gentle_14,1.5
43__jobs_33__semi-_31,0.0
15002__kids_6__drop_4,1.5
255__placate_25__designed_23,1.0
7871__shot_11__glittering_16,0.0
45__capacity_27__productive_26,1.5
212__departments_2__irritants_17,1.0
2474__charlatan_3__bloody_2,1.5
231__crops_22__proper_20,0.0
1129__changed_2__hands_3,1.0
207__restructuring_28__plans_26,0.0
55__reasons_3__welcomed_9,0.0
56__practice_13__bring_5,0.0
373__invent_5__sitting_13,0.0
7675__charge_9__[formula]_13,0.0
5954__golden_17__mist_18,2.5
249__constitution_13__allows_15,0.5
7764__quarrels_20__electric_19,2.5
12470__additions_4__left_5,0.5
3420__legs_4__hunters_7,0.0
3362__history_7__extending_8,0.5
3251__imposes_34__restraints_36,0.5
359__links_6__maintain_4,0.5
2268__management-union_13__saga_14,1.5
7769__sunflower_7__source_20,0.0
2199__depression_25__tease_17,0.0
7814__three-quarters_8__suppress_7,0.5
2311__stopped_11__somersaults_7,0.0
2408__mind_9__change_6,0.5
7908__mind_11__comes_9,1.0
5939__pines_15__shivering_18,3.0
3298__water_10__column_11,1.0
249__minority_17__allows_15,0.0
5864__failing_14__jog_9,0.0
7764__accessible_13__drama_14,2.0
7995__silence_10__cool_9,3.0
2425__collect_5__coat_9,0.0
5968__dropped_9__catch_19,0.0
7610__materials_20__breaks_16,0.0
384__name_3__clever_2,1.0
431__technology_14__replaced_11,1.0
5953__bricks_10__dashed_6,0.0
2815__farmer_2__relieved_12,0.0
7621__assign_5__value_8,1.0
7789__motorways_9__carving_10,3.0
7892__partly_28__male_29,0.0
15087__comes_12__round_13,0.0
58__system_19__fledged_16,1.5
7722__density_13__current_12,0.5
7913__death_10__mean_9,0.5
2505__secretaries_4__close_13,0.0
3274__niches_17__occupying_14,0.5
6046__told_16__spirit_6,0.0
420__telecottages_18__priming_15,1.0
1423__jackboot_24__hint_21,1.0
7644__sense_3__positive_13,0.0
3049__nose-job_7__vicious_5,3.0
218__policy_2__challenge_7,1.0
3423__slow_42__allow_45,0.0
7900__mass_4__melding_9,0.5
7910__discussion_6__held_4,1.5
7643__left-hand_8__-side_9,0.0
1142__image_4__lost_10,1.0
1432__change_37__feel_35,2.0
352__separate_11__roles_12,0.5
2225__prepared_24__stand_26,1.0
3049__successful_36__model_37,0.0
1137__book_3__tone_11,0.0
2441__British_4__plants_5,0.0
267__executive_2__recommending_4,0.0
7789__land_13__carving_10,2.0
2316__progress_5__ladder_9,0.5
3432__subject_10__cons_4,0.0
247__force_23__sought_21,0.0
66__visitors_28__hundreds_26,0.0
381__information_2__revolution_4,0.0
432__acquire_17__overcome_3,0.0
3314__stand_5__Canals_1,1.0
7763__illuminated_15__world_17,1.0
7693__electrons_23__negative_22,0.0
1127__look_20__stretch_34,0.0
7675__radial_18__component_19,0.0
3255__complementary_16__approaches_17,0.0
7871__shot_11__needles_14,3.0
7941__son_44__leaving_42,1.0
2321__holding_12__fell_2,0.0
363__kids_2__eat_3,0.0
7656__unfair_4__potential_9,0.5
7685__technical_3__term_4,1.0
7920__sense_16__flight_4,1.0
359__jokes_20__absorbing_19,1.5
7693__charge_19__carriers_20,1.0
10763__people_8__lot_6,0.5
358__experience_3__source_12,1.0
3256__method_2__attempts_3,1.0
381__untouched_12__left_6,0.5
7679__[formula_23__field_21,0.0
252__politics_17__approach_15,1.0
420__priming_15__pump_14,1.5
5__office_27__modest_20,0.0
7814__pleasure_22__gradual_21,1.5
5914__occasions_24__separate_23,1.0
7672__theory_7__study_5,0.5
7780__character_12__fantastic_11,0.5
2274__becoming_3__hard_5,0.0
3394__method_27__harvesting_29,0.0
1832__telephone_15__shared_9,0.0
3427__dinosaur_9__giants_10,1.0
2350__inside_6__track_7,1.0
7684__cylindrical_17__beam_19,0.0
3417__climates_9__extended_12,0.0
357__infant_26__world_29,0.5
3260__action_21__co-operate_19,0.0
424__institution_6__fantastic_5,0.5
7630__eqn_15__scalar_11,0.0
40__grants_22__courses_26,0.5
6114__names_6__change_4,0.5
2393__plan_14__corporate_13,0.5
1153__Chapel_17__casting_10,0.0
7920__identity_18__flight_4,0.0
414__available_12__central_24,0.0
3417__climates_9__cope_7,0.5
7710__makes_29__field_31,1.0
205__spanner_10__machinery_14,0.0
309__noise_7__level_8,1.0
415__makes_24__reluctance_14,1.0
10444__lived_5__couple_8,0.5
7661__sections_18__serve_12,0.0
2304__fears_27__hiding_25,1.0
7911__blue_29__pale_28,1.0
43__inevitably_8__lead_9,0.0
7956__metaphorically_3__shaken_4,2.0
15669__head_5__hole_2,0.5
365__read_12__getting_9,0.5
281__Wired_25__release_23,0.5
12482__questions_3__addition_2,0.0
3431__birds_15__closely_20,0.0
3246__remains_24__swept_26,1.5
2446__news_4__hit_5,1.5
1131__gravestones_38__led_29,0.0
7899__pins_31__released_32,1.5
396__holding_3__walks_20,0.0
1137__moving_6__deeply_5,1.0
57__union_18__immunities_19,1.0
7899__hair_9__-gold_8,1.5
1430__permanently_5__damaged_6,0.5
7676__circle_29__line_23,0.0
7803__woman_3__armed_5,0.0
2311__somersaults_7__stopped_11,0.0
3050__transformation_15__charted_13,1.0
7646__equations_7__describing_8,1.5
7871__silver_17__needles_14,3.0
3321__typified_5__scars_10,0.0
216__review_2__adds_3,0.5
7907__entirely_10__leave_7,0.0
7682__force_25__formula_22,0.0
58__remove_22__system_19,0.5
7728__flow_15__lines_12,0.5
7635__current_7__density_8,1.0
334__perennial_23__characters_24,1.0
7642__form_25__obtained_29,0.0
7940__churchyard_3__tried_15,0.0
3325__leaf_10__cushions_11,1.0
73__ideal_14__promoted_12,0.5
7711__particle_3__positive_2,0.5
5876__jerk_12__pettish_11,2.0
1127__stretch_34__look_20,0.0
7__faced_11__launched_5,0.0
7676__component_51__field_55,0.0
7925__trees_2__stood_3,1.5
1137__christenings_24__seen_22,0.0
365__books_22__getting_9,0.0
6131__thorn_15__pad_20,0.0
7735__law_15__deriving_12,0.5
1116__pervades_20__air_18,1.0
423__home_14__runs_6,0.0
253__continued_13__acquiescing_4,0.0
3373__distinct_3__veining_4,0.0
7805__round_3__dipped_2,1.0
7682__derived_13__Section_15,0.0
56__courts_25__handle_26,1.0
7722__current_12__density_13,1.0
7710__field_31__makes_29,0.5
338__approval_21__world_29,0.5
10500__test_21__passed_19,0.5
334__characters_24__perennial_23,1.5
7906__tell_6__oppressed_26,0.0
6018__happens_20__copes_16,0.0
5873__process_12__curious_10,1.0
10444__er_6__couple_8,0.0
5944__shower_14__hard_11,2.0
14999__luck_7__bit_4,0.5
6053__expected_2__rise_6,0.0
299__considerable_32__foray_26,0.0
7734__rarely_13__called_14,0.0
1131__cat_17__querulously_27,1.0
2807__development_6__controls_18,0.0
7660__formulae_27__leads_24,1.0
7640__equations_11__derived_6,0.0
3432__subject_10__pros_2,0.0
3261__comparison_34__defy_33,0.5
7614__strength_25__field_24,0.5
7715__electrons_24__force_21,0.5
1422__words_38__bring_39,1.0
2318__friends_4__gained_5,0.5
3385__localities_12__found_15,0.0
7719__patterns_2__Flow_1,1.0
384__evocation_8__neat_7,1.5
7763__obsession_12__world_17,0.0
7886__body_6__considered_2,0.5
378__statement_5__strong_4,0.5
6118__coming_15__worry_12,0.0
3245__sediments_2__reveal_4,1.0
2260__division_7__finish_2,1.0
7798__images_12__gathering_9,1.0
3365__joined_11__wings_19,0.0
10590__bloody_7__tips_8,1.5
3241__interpretations_9__fixed_6,1.0
3319__coal_16__seams_17,1.0
238__recommended_17__bodies_16,0.5
10688__shock_6__hell_3,1.5
2379__retirement_5__taking_3,1.5
7695__electric_13__field_14,1.0
3269__reached_14__answer_11,1.5
312__R'n'B_22__temple_20,2.0
14668__green_95__pale_94,0.5
7871__hair_4__glittering_16,0.0
6034__programmes_14__lost_18,0.0
273__evening_32__obliged_11,0.0
5951__winds_14__stripped_8,2.0
12562__lines_7__shared_5,1.0
7939__aspects_34__persisting_33,0.5
7632__integration_3__simple_2,0.5
353__started_50__coat-hanger_53,2.0
6003__cigarette_53__fresh_52,0.5
3325__little_6__scars_8,0.0
2177__exhausted_7__feeling_6,0.5
7779__youth_50__feels_48,1.0
338__children_26__gimlet_24,0.0
7698__magnetic_3__force_4,1.0
7941__containing_7__killed_21,0.0
2274__becoming_3__bitter_7,1.0
3321__lozenge-shaped_8__scars_10,0.0
7734__worth_4__called_14,0.0
264__intends_3__reinforce_5,0.5
6043__nature_3__complied_7,1.5
259__dangers_17__demonstrated_15,0.5
7660__leads_24__formulae_27,0.5
6003__eternity_27__pass_26,1.5
7724__materials_7__fields_13,0.0
321__stains_2__survived_7,1.0
359__couple_2__maintain_4,0.0
5910__speak_17__hung_19,0.0
3413__idea_13__balance_2,0.0
7908__question_7__comes_9,1.0
7619__choosing_10__[formula]_8,0.0
270__Pint-sized_4__rollers_9,1.5
10422__live_11__stroke_15,0.0
6106__sick_15__feel_14,0.5
3390__trilobites_17__habits_14,0.5
7760__look_6__setting_12,0.0
6126__set_27__film_33,0.0
5961__eyes_6__allowed_4,1.0
6000__walked_2__dying_9,0.0
321__change_10__survived_7,0.5
7644__usual_19__convention_21,0.0
7888__unmoved_3__rich_9,0.0
3347__leaves_7__circlets_3,0.5
2818__unsightly_5__introduced_10,0.0
213__review_4__considers_6,1.0
10337__quotes_8__lot_6,0.5
3423__activity_51__continuous_50,0.5
61__Conservatives_20__upset_18,0.0
424__village_2__fantastic_5,0.0
12525__division_2__shared_4,0.5
5955__clouds_3__tumbled_4,3.0
7624__scalar_10__function_11,0.5
1820__occasion_16__call_7,0.0
278__ripe_28__circuit_24,2.5
2205__violin_7__accompany_3,0.5
1826__publishing_12__held_2,0.0
5873__reminded_21__subject_17,0.0
7869__kissed_2__reflecting_6,0.0
272__policy_40__complete_42,0.0
6036__dreams_21__banish_19,2.5
7632__simple_2__integration_3,0.0
6120__memories_7__escaped_4,1.5
7833__clothes_33__parody_30,2.0
3260__mammals_13__co-operate_19,0.0
7647__equation_12__potential_16,0.0
7956__looming_13__-field_15,1.5
7644__sense_3__current_14,0.0
373__cave_19__sitting_13,0.0
5969__train_12__catch_10,2.0
7764__recorded_9__electric_19,0.0
33__vote_33__bring_30,0.5
7665__magnetostatics_6__assumed_12,0.5
7906__impotent_14__feel_13,0.5
3269__dredges_18__reached_14,0.0
1133__churches_8__commemorate_10,0.5
43__employers_10__lead_9,0.0
7758__refused_25__fit_27,0.5
4__head_3__mounted_14,0.0
2407__set_6__motion_8,1.0
2504__executives_21__top_20,0.5
2400__break_10__power_6,0.0
7652__counterpart_15__scalar_14,0.5
7675__component_19__field_23,0.0
1137__building_18__seen_22,2.0
6034__disc_24__limbo_23,2.5
10283__love_8__past_5,0.0
7__launched_5__faced_11,0.0
3345__Fossil_2__horsetail_3,0.0
1142__sloping_14__gently_13,1.0
7644__defined_9__sense_3,2.0
2360__functions_21__planning_20,0.5
10751__hell_5__lot_8,1.0
39__relative_16__position_17,1.0
219__headed_18__set_12,0.0
5895__worse_9__bite_12,0.0
7675__field_23__[formula]_24,0.5
3398__world_13__seen_15,1.0
7640__derived_6__law_5,0.0
7643__equation_25__reduces_26,0.5
7684__owing_7__forces_11,0.5
393__network_3__expands_4,1.0
1131__round_32__led_29,0.0
5895__bark_3__bite_12,0.0
3240__Period_23__founded_11,0.0
3413__terrestrial_20__swinging_8,0.0
278__pub_23__circuit_24,1.0
336__accused_5__breaks_37,0.0
6131__finger_23__pad_20,1.0
7643__current_21__reduces_26,0.0
3394__feed_14__swimmers_2,0.0
1826__chair_4__held_2,1.0
7697__Ip_24__refer_31,0.0
6003__cigarette_53__reached_95,0.0
7670__concept_6__carried_18,0.5
319__incarnations_18__gone_15,0.0
7758__life_19__pattern_5,0.0
1430__damaged_6__surface_9,0.0
3316__Ordovician_11__spread_4,0.0
2816__producing_13__regular_15,0.0
334__rhymes_30__characters_24,0.0
7843__lipstick_6__gone_8,1.0
7621__divergence_11__assign_5,0.0
7889__preferred_5__obscured_11,0.0
3242__dinosaurs_5__changed_8,0.0
3419__erect_16__posture_2,0.5
6126__set_27__stepping_24,0.0
2479__package_12__separation_11,1.0
6131__pad_20__drove_16,0.5
3287__bulged_31__line_35,0.0
2287__world-wide_13__operations_15,0.0
268__conference_6__urging_4,1.0
21__corporations_22__hefty_20,1.5
7710__makes_29__field_27,0.5
7741__definition_4__arrived_14,0.5
1130__orange_14__deep_13,2.0
7644__path_7__integration_6,1.0
3270__answers_4__obtained_7,0.5
3428__supporters_3__tend_4,0.0
7688__velocity_9__travel_5,0.0
3365__seeds_24__help_22,0.5
54__court_15__deserves_31,0.0
7654__vector_11__components_8,0.0
301__plays_29__circuit_28,1.0
3429__dinosaur_10__close_9,0.0
2811__result_26__chief_25,0.5
212__irritants_17__act_15,2.0
7624__function_11__gradient_7,0.5
2307__colour_6__mass_4,2.0
2225__stand_26__prepared_24,0.0
6056__waiting_22__low_19,0.0
7693__particles_27__positive_26,1.0
2811__refuse_41__mountains_36,0.0
7675__yielding_15__component_19,0.5
7673__cylindrical_9__beam_11,0.0
6041__born_27__taste_29,0.5
15669__hole_2__head_5,1.0
3239__reanimating_20__build_25,0.0
1144__garden_35__unruly_31,2.0
233__imagine_10__conflicts_11,0.5
396__walks_20__holding_3,0.0
3049__particularly_4__vicious_5,0.5
10688__told_8__shock_6,0.0
7643__theorem_5__using_2,0.0
7664__idea_18__significance_22,0.0
7710__weaker_33__leading_37,0.0
3256__feature_15__attempts_3,0.0
6076__subdued_3__air_4,2.0
6134__light_3__bathed_4,2.0
373__cave_19__round_14,0.0
7896__gallery-goers_9__penumbra_7,3.0
254__PR_8__build_10,0.5
7606__particles_22__charged_21,0.0
353__hang_55__pictures_56,0.0
7734__discussing_5__worth_4,0.5
7637__coordinates_13__sort_10,1.0
5982__themselves_15__safe_17,0.0
7641__determining_7__field_10,0.0
3255__probable_10__habits_12,0.0
1436__cut_34__deep_35,1.0
7839__-young_6__parody_5,3.0
3252__latitudes_21__inhabitants_15,0.5
3396__Puzzles_1__remain_2,0.0
7834__greens_18__muted_14,0.0
10605__time_5__gone_3,0.5
6085__concocted_25__tale_27,1.0
268__commit_21__supported_12,0.0
7890__sensuality_45__combined_46,0.5
3055__blush_10__trace_4,0.5
21__corporations_22__breaking_16,1.0
414__available_12__bit_16,0.0
238__review_20__recommended_17,0.5
7676__field_3__obtained_6,1.0
384__concept_16__describes_14,0.0
7614__automatically_16__satisfy_17,1.0
3407__becoming_15__avoid_14,0.0
1436__conscience_39__cut_34,2.0
6126__scenario_29__stepping_24,0.0
7687__magnetic_11__forces_12,1.0
246__executive_22__decided_23,0.0
5941__dug_15__held_5,0.0
7618__obtain_26__form_29,0.5
7933__fall_11__avalanche_13,0.0
7661__serve_12__formulae_9,1.5
7911__earth_18__rhythmic_17,3.0
7967__analogies_13__drew_12,1.0
8002__meanings_28__surface_27,1.0
5851__infinity_29__studded_28,3.0
7608__yielding_27__[formula]_28,0.5
3286__vision_9__field_7,1.0
1137__sets_9__tone_11,1.0
6125__meeting_21__song_3,0.0
3285__light_17__coming_18,1.0
3386__barrier_24__token_4,0.0
265__party_10__free_20,0.0
6040__novel_5__passage_2,0.0
7644__positive_13__sense_3,0.0
1121__hotel_2__lies_3,1.5
6020__begin_22__recover_24,1.0
7871__thick_7__shot_11,0.0
2322__arrived_5__headquarters_11,0.0
3372__finely_14__toothed_15,0.5
1819__address_14__delivered_11,0.5
296__expect_11__lead_8,0.5
59__absurd_16__see-sawing_17,1.5
7769__Metaphor_1__source_20,0.0
3404__Consider_1__structure_3,0.0
254__build_10__pull_13,0.5
1140__octagon_35__flooding_33,1.0
6065__holiday_18__spoilt_22,0.5
338__guaranteed_17__win_19,0.0
2811__huge_34__mountains_36,0.0
2816__crop_16__regular_15,0.0
7715__magnetic_20__force_21,1.0
255__ground_28__centre_27,0.5
7760__setting_12__form_15,0.0
7674__exists_35__beam_34,0.0
272__decent_45__comes_41,0.0
1833__funds_30__raise_28,1.0
59__prevent_14__see-sawing_17,0.0
3330__branching_22__veins_21,1.5
3274__probably_13__occupying_14,0.0
362__job_5__killing_4,2.0
3285__able_14__interpret_16,0.0
7738__theory_3__circuit_2,0.0
7962__black_29__responded_22,0.0
1446__corners_14__dirty_13,0.5
36__education_12__gap_6,1.0
15085__look_3__leg_2,0.5
1119__due_9__market_16,0.5
265__worrying_33__sell_26,0.0
7643__integral_14__density_18,0.0
32__significance_44__appears_47,1.0
3297__looking_27__relatives_35,0.0
7660__helped_2__derive_5,0.0
5920__inch_12__measured_9,0.0
15005__town_6__pop_4,1.0
251__Advocates_1__system_5,0.5
7892__read_19__male_29,1.0
7825__field_4__reminded_10,0.5
7684__electrons_14__beam_19,0.0
7812__quoted_6__enveloping_20,0.0
7664__fields_27__significance_22,0.0
3325__bark_2__covered_4,0.0
2354__eyes_5__evaded_2,1.5
7664__rest_5__Sections_8,0.0
3274__occupying_14__niches_17,0.5
56__labour_44__field_45,1.0
7673__section_4__beam_11,0.0
5954__mist_18__raft_15,3.0
5873__process_12__subject_17,0.0
7751__pine_28__vanes_24,3.0
7735__configuration_10__return_4,0.5
7728__current_14__determining_10,0.0
430__impact_5__wider_4,1.0
40__training_25__courses_26,0.0
7934__smile_26__considered_14,0.0
246__executive_22__oppose_26,0.0
376__moral_16__grounds_17,1.5
428__wages_5__emphasis_2,0.5
7958__stair_8__cool_6,1.0
61__question_5__upset_18,0.0
2390__link_7__direct_6,0.5
325__moral_4__minefields_5,3.0
5900__owners_9__hunting_6,0.5
3425__dinosaurs_5__armoured_2,0.5
7643__reduces_26__current_21,0.0
5903__sergeant_15__prepared_16,0.0
7696__directions_20__opposite_19,0.0
5944__rain_4__sheet_2,2.5
208__review_5__Scattered_1,1.0
7716__structure_5__tries_6,1.5
330__minds_19__meeting_14,1.5
7904__innocents_9__hunting_14,0.0
5864__revelations_12__jog_9,1.5
7912__preacher_34__recall_10,0.0
2811__cow_9__cake_10,1.0
216__equal_17__status_22,0.5
396__children_7__holding_3,0.0
7900__brow_25__frame_21,2.0
6060__living_6__palace_18,0.0
265__worrying_33__splits_35,0.0
5892__blast_25__tin_28,0.0
5873__process_12__underwent_8,0.0
7606__role_14__played_16,0.5
255__process_21__ground_28,0.0
7786__survivor_13__power_10,0.0
5960__overgrowth_8__tunnel_6,2.0
2816__mushrooms_18__regular_15,0.0
58__system_19__remove_22,0.5
7656__vector_8__potential_9,0.5
2353__time_8__taking_5,1.0
3422__looks_11__structure_7,1.0
7668__electron_5__beam_6,1.0
239__quangos_6__merge_7,0.0
2480__maximum_10__terms_11,0.5
265__party_10__leaving_17,0.5
415__funds_29__sector_33,0.0
7906__impotent_14__confronted_16,0.0
7676__current_42__beam_45,0.5
7666__configuration_13__appear_18,0.0
7964__light_19__negation_23,2.5
6003__vodka_68__laced_69,1.0
8__regards_2__charges_4,0.5
7673__consider_7__section_4,0.0
7933__branch_4__avalanche_13,0.0
3294__musculature_11__operated_13,0.5
7714__ions_13__hold_14,1.0
3325__cushions_11__scars_8,2.0
56__labour_44__handle_26,0.0
3255__life_11__habits_12,0.5
3399__attention_8__attracted_6,1.0
3061__success_12__unqualified_11,1.5
43__bid_12__lead_9,0.5
3247__spot_7__intruders_9,1.0
2415__assignment_10__brief_8,0.0
7697__particles_36__positive_35,0.5
10__earnings_9__regard_5,1.0
2397__supply_7__plan_5,0.0
7627__current_3__density_4,0.5
333__vision_10__-tinted_9,1.5
2504__organisation_9__top_6,1.0
7624__magnetic_21__field_22,0.5
3239__build_25__reanimating_20,0.0
3260__teeth_18__co-operate_19,1.5
7699__inwards_6__force_4,0.0
369__criteria_31__lay_26,1.5
2196__youth_17__-spent_16,1.5
7812__haystacks_17__veil_21,0.0
9__property_2__blunt_6,0.0
234__problematic_2__plan_7,0.0
3059__hangover_29__unfortunate_28,0.5
5938__community_5__broke_10,0.5
236__main_3__concerns_4,1.0
39__education_5__position_17,0.0
3413__giant_16__swinging_8,0.0
3267__functions_14__accord_10,0.5
217__keystone_9__knock_6,1.0
1807__spooks_22__team_19,0.5
54__industrial_28__system_30,0.0
296__expect_11__doodlings_15,0.0
66__answers_4__illustrated_6,0.5
7673__electron_10__beam_11,0.0
7657__variable_8__popular_7,1.0
265__free_20__leaving_17,1.0
58__law_2__reflect_5,1.0
7891__breasts_25__pears_23,2.5
7660__nice_26__formulae_27,1.5
7__bid_3__launched_5,1.0
7666__record_22__appear_18,0.0
250__ram_43__throats_47,1.0
431__commuting_5__replaced_11,1.0
7830__thinking_17__survivor_28,0.0
249__capture_19__allows_15,0.0
3251__rocks_5__character_2,1.5
2227__message_20__pass_18,1.0
7830__thinking_17__survivor_22,0.0
7830__thinking_17__habit_15,1.0
320__policy_3__leads_19,0.5
7731__field_35__lines_36,0.5
4__63-year-old_2__head_3,1.0
3426__rhinoceroses_21__furious_19,2.0
1431__freedom_39__fight_36,0.5
2806__established_19__regulate_21,0.0
2287__reorganise_12__operations_15,1.0
62__-abode_7__fixed_6,1.5
3388__trilobite_27__constructed_29,1.5
7734__called_14__worth_4,0.0
243__commission_59__administered_53,0.0
7672__mentioning_10__study_5,0.0
7962__spiritually_25__responded_22,2.0
41__reforms_2__achieve_5,1.0
237__functions_4__split_11,0.5
7900__cheekbones_23__frame_21,2.0
413__telecottage_11__able_14,0.5
210__explicitly_5__escapes_6,1.0
2364__game_25__bloody_23,1.5
7953__chance_12__blows_10,1.5
7624__field_22__[formula]_24,0.0
7673__radius_13__beam_11,0.0
61__cease_8__haunt_10,1.0
381__left_6__untouched_12,0.5
328__adults_6__appeal_4,0.0
7635__changed_23__[formula]_25,0.0
7685__electron_14__beam_15,0.5
7697__Ip_24__substitute_18,0.0
2391__dynamite_11__playing_8,0.5
7665__concerned_4__Sections_1,1.0
311__ingredients_14__takeaway_17,0.0
7795__name_9__fumbled_8,2.0
254__ground_17__centre_16,1.0
239__replace_12__merge_7,0.0
5954__wilderness_24__lay_21,0.0
7669__talked_5__charges_10,0.0
7669__talked_5__charges_14,0.0
1825__slowing_13__provoke_24,0.0
3246__environment_14__furnished_16,0.5
7639__coordinates_7__curl_3,0.0
7681__net_3__force_4,0.0
2361__incredulity_8__faked_7,0.0
359__schools_9__spend_13,0.0
6004__tautening_26__swimming_20,0.0
7722__mathematical_25__form_26,0.5
1831__fame_7__field_10,0.0
15066__er_2__fine_4,0.0
7889__attention_22__directed_20,1.0
7665__Sections_1__concerned_4,1.0
278__circuit_24__ripe_28,2.5
7896__attract_5__penumbra_7,2.0
7960__Evening_4__sombre_7,0.0
296__-absorbed_13__doodlings_15,0.5
7892__male_29__read_19,0.0
7697__subscripts_27__refer_31,2.0
344__tree-_25__lined_26,1.0
5886__recesses_21__deep_20,0.5
322__institution_30__venerable_27,2.0
3240__coloured_14__vividly_13,0.0
72__worrying_25__contents_4,0.5
7734__current_21__conductor_24,0.0
7636__write_18__form_26,0.0
7769__sunflower_7__coiled_3,2.0
1141__village_8__finest_6,1.0
12442__add_1__add_3,0.0
434__development_31__centres_27,1.0
373__cave_19__fire_16,0.0
214__consequences_7__contemplate_4,0.0
3408__animal_25__allow_23,0.0
3287__rest_38__line_35,0.0
3288__trilobites_3__field_8,0.0
373__fire_16__cave_19,0.0
7920__flight_4__sense_16,1.0
278__ripe_28__handles_31,2.0
3431__related_21__closely_20,1.0
1151__grey_10__sweeps_11,0.0
3052__matrons_31__raises_25,0.0
244__reform_13__accept_11,1.0
36__significant_5__gap_6,2.0
7636__[formula]_27__form_26,0.5
7763__material_16__world_17,1.5
6034__whence_26__retrieved_31,0.0
15122__girl_24__bloody_23,1.5
7643__reduces_26__[formula]_28,0.5
3059__worship_7__devoted_3,0.0
220__newly_14__supreme_15,1.0
6055__anger_6__communicated_8,1.0
7665__interrelationship_18__studied_27,0.0
10387__associate_15__strokes_16,0.0
3308__preserved_20__allows_13,0.0
1815__minds_29__teach_31,1.5
359__maintain_4__links_6,0.5
2356__provide_10__picture_13,0.0
7740__resistivity_25__resistance_20,0.0
1142__lost_10__image_4,0.0
7636__field_32__strength_33,0.5
281__litigation_12__surrounding_13,1.5
1116__preserve_15__air_18,0.5
3287__backwards_26__able_8,0.0
1448__Square_52__break_44,0.0
212__departments_2__act_15,1.0
2201__fill_4__slipping_17,0.0
3417__winters_13__extended_12,1.0
7__week_7__launched_5,0.0
248__rally_7__Co-ordinating_5,0.0
10747__died_24__lot_17,0.5
3351__frond_3__carries_4,1.0
7619__choosing_20__[formula]_24,0.0
7674__electronics_24__subject_21,0.0
7675__[formula]_24__field_23,0.0
216__DTI_12__seek_9,0.0
2411__bad_9__takin_5,1.5
2264__militant_18__bastards_19,0.5
10729__health_17__bloody_16,1.5
267__motion_8__calling_9,0.5
1832__jokes_11__shared_9,1.0
7710__happens_5__field_4,0.0
54__suggest_7__setting_9,0.5
1133__centuries_21__commemorate_10,0.0
7956__-field_15__fist_7,0.0
423__restoration_10__business_11,0.0
5921__question_4__answered_2,0.0
7956__energy_14__shaken_4,0.0
7679__perpendicular_5__force_3,0.0
7749__grey_46__pale_45,1.0
373__sitting_13__cave_19,0.0
269__executive_8__rejection_10,0.0
33__Electors_1__prepared_4,0.0
7968__speak_14__wavelength_18,0.0
7751__round_14__simmering_10,0.5
6037__feeling_7__slight_6,1.0
207__government_4__considers_21,0.0
8002__favour_30__surface_27,0.0
6003__butt_57__predecessor_60,0.0
3423__sustain_48__allow_45,0.0
6034__whence_26__lost_18,0.0
218__policy_2__sought_5,1.0
7940__month_36__buried_25,0.0
3413__terrestrial_20__habits_21,1.0
7670__concept_6__called_23,0.0
56__precedent_38__based_34,0.0
7614__field_24__strength_25,1.0
349__strength_2__highlighted_7,1.5
217__seek_4__approach_2,1.5
2196__globe-trotting_9__lark_10,2.5
2370__plan_5__win_9,1.0
2810__producing_6__involve_5,0.5
2269__drinks_17__round_15,0.5
1818__hours_4__regular_3,1.0
7751__down-_22__spreading_20,0.0
3259__teeth_10__habits_21,0.0
6003__euphoria_86__peak_89,0.0
7676__system_60__specified_61,1.0
6118__harm_18__coming_15,1.0
7944__papers_3__referred_4,1.0
40__A-_12__levels_13,0.5
7943__transplantation_23__bear_21,0.5
6003__drink_63__reached_95,0.0
7632__integration_3__yield_5,0.5
426__mid-Sixties_18__fell_11,0.0
7707__predict_21__behaviour_24,2.0
7900__sometimes_8__hard_20,0.0
7669__charges_10__negative_9,1.0
1140__windows_32__flooding_33,2.5
67__joke_56__exploited_53,0.0
7660__crossing_34__flux_33,0.5
7899__Chapel_15__golden_18,0.0
1121__acres_6__lies_3,0.0
268__abolishing_26__commit_21,0.0
6124__house_21__gone_15,0.0
6131__thorn_15__drove_16,1.0
15045__bugger_8__little_7,1.0
6126__stepping_24__set_27,1.0
3267__efficient_26__flyers_23,0.0
263__Government_7__remove_5,0.0
7669__charges_10__positive_7,0.0
1421__police_8__bluffing_9,0.0
2396__sourly_18__added_17,2.0
213__individual_12__considers_6,0.0
415__makes_24__central_16,0.0
1423__blue_27__serge_28,0.0
2425__coat_9__collect_5,1.0
7933__branch_4__dark_15,0.0
7892__androgynous_23__read_19,0.0
2356__world_12__picture_13,1.5
278__handles_31__ripe_28,2.0
7694__particles_9__densities_12,0.0
3239__build_25__creature_29,1.0
7709__forces_15__larger_17,0.5
3312__Fossil_2__belonging_6,0.0
7638__magnetic_33__field_34,0.5
3242__habits_10__changed_8,0.5
262__change_11__system_15,0.0
7904__innocents_9__slaughter_6,0.0
12619__crafty_2__cow_3,3.0
7721__velocities_11__carriers_7,0.0
7925__movements_19__stood_3,0.0
3404__legs_6__structure_3,0.5
3249__past_25__activities_26,0.0
10677__people_7__lot_5,0.5
282__Brothers_16__set_14,1.0
57__rights_10__enjoyed_8,1.0
7709__happens_4__larger_17,0.0
1423__jackboot_24__serge_28,0.0
7956__fist_7__-field_15,0.0
7707__particles_27__behaviour_24,1.0
3312__alga_4__belonging_6,2.0
7743__dismay_3__Risking_1,1.5
2180__visibly_5__shocked_6,1.0
5998__arrangements_17__set_13,1.0
49__practicalities_19__system_24,0.5
48__centre_19__ground_20,1.0
365__treated_2__getting_9,0.0
1121__running_28__courses_30,1.0
10622__hell_3__bloody_2,2.0
333__decidedly_16__reassuring_17,0.5
39__figures_11__add_2,0.0
3276__correct_29__answer_26,0.5
55__move_6__welcomed_9,1.0
390__publicity_35__material_36,0.5
7678__edge_13__travelling_10,0.0
256__election_20__inferior_25,0.0
7635__density_8__current_7,0.5
3256__compare_5__attempts_3,0.0
6046__shock_11__spirit_6,0.0
37__staying-_4__stands_7,0.0
7836__hair_4__pale_2,1.0
7676__current_42__[formula]_47,0.0
7606__role_14__charged_21,0.0
1436__cut_34__conscience_39,1.5
221__policy_8__mention_4,1.0
3414__habits_8__aspects_3,0.5
7702__effect_12__force_15,0.0
7871__glittering_16__silver_17,1.0
1825__neutrons_20__provoke_24,0.0
3425__protective_15__armour_16,0.5
268__urging_4__supported_12,0.0
7764__drama_14__accessible_13,1.5
5914__looking_30__reaching_34,0.0
416__government_3__support_4,0.5
214__machine_21__rebuilding_18,0.0
6100__looked_2__account_7,1.0
3270__consistent_30__design_11,0.0
7710__weaker_33__makes_29,0.5
3345__sphenophylloides_6__horsetail_3,0.0
328__books_2__appeal_4,0.5
2264__business_15__expand_13,1.0
7669__distributed_17__charge_18,1.0
7688__magnetic_17__forces_18,1.0
3251__setting_9__diagnoses_21,1.0
7735__deriving_12__law_15,0.5
264__reinforce_5__conviction_7,1.5
57__law_12__enjoyed_8,0.0
388__tool_28__overcome_30,0.5
1153__light_13__casting_10,1.0
250__majority_50__throats_47,0.0
3265__manufactures_6__designs_8,0.0
224__remit_2__wide_8,1.0
434__handicap_21__overcome_18,0.0
7673__beam_11__consider_7,0.0
1430__permanently_5__surface_9,0.0
334__usually_4__set_5,0.0
1812__pack_8__bags_10,0.5
7762__furiously_25__feathered_26,3.0
7688__electric_27__forces_18,0.0
3246__cover_19__furnished_16,0.5
3262__piece_18__engineering_20,1.0
7619__choosing_20__called_19,0.0
7817__skin_11__flowing_10,3.0
3415__controversy_8__arisen_10,1.0
7621__arbitrary_7__value_8,0.0
311__sounds_11__salubrious_21,0.0
12625__dinner_2__ready_4,0.5
7685__term_4__technical_3,1.0
7706__possess_12__beam_5,0.5
7682__relationship_8__[formula_9,0.5
2178__toll_14__taking_12,1.0
3289__begin_26__suspect_28,0.0
7731__current_42__flow_43,0.5
2810__growth_21__assist_19,1.0
2441__plants_5__regime_9,0.0
6055__fear_4__shown_14,0.5
6006__clarity_22__cold_21,2.5
7762__impasto_19__lines_27,0.0
7753__blood_11__splashes_9,0.0
10368__er_27__rise_30,0.0
7833__style_46__unrelated_49,0.5
10394__affected_6__stroke_4,0.0
6046__told_16__shock_11,0.0
208__alter_11__status_13,0.5
3262__analyse_6__tries_4,0.5
2808__smell_2__released_3,0.5
57__workers_7__reduce_14,0.0
1441__punishment_18__coming_20,1.0
269__rejection_10__reduced_22,0.0
10637__lady_6__look_2,0.0
218__dominance_11__challenge_7,1.0
7871__silver_17__glittering_16,0.5
1820__morning_12__call_7,0.0
5939__time_7__bowing_16,0.0
6003__destruction_40__reached_95,0.0
2238__yacht_8__included_9,0.0
5954__float_12__raft_15,0.0
6007__look_16__forward_17,0.5
7958__caps_12__winged_10,1.5
338__children_26__world_29,0.0
32__ignored_53__appears_47,1.0
7657__variable_8__potential_3,0.0
7661__formulae_9__serve_12,0.5
281__PLAYING_1__plethora_10,0.0
45__education_43__narrow_42,3.0
2329__over-_9__approach_11,0.0
7690__usually_19__cancels_20,0.0
7937__aiming_22__straight_23,0.0
7637__moment_8__stop_4,0.0
6021__stand_5__rally_2,0.5
39__statistics_8__add_2,1.0
2429__looking_7__forward_8,1.0
5913__lifetime_22__confined_17,0.5
12473__erm_19__add_21,0.0
249__decrepit_10__smash_8,0.5
7663__divided_5__roughly_4,1.0
5920__depth_14__inch_12,1.0
10654__pressure_11__lots_4,0.0
5920__snippet_2__measured_9,0.0
3288__lateral_7__field_8,0.0
7749__merely_70__accurate_71,0.0
7939__names_10__parallels_30,0.0
7757__approach_8__warmth_4,0.0
381__technology_3__revolution_4,1.0
2438__investment_5__plant_4,1.0
7682__formula_22__following_21,0.5
420__pump_14__priming_15,0.0
6044__fold_11__wolf_8,3.0
2416__components_11__spent_3,0.0
6134__brick_7__bathed_4,0.5
353__coat-hanger_53__started_50,0.0
10577__instead_15__taking_17,0.0
5914__decision_36__reaching_34,1.0
39__improve_14__add_2,0.0
2390__direct_6__link_7,0.0
7647__equations_31__directly_28,0.0
270__ROCK_2__rollers_9,0.0
7642__integrating_31__obtained_29,0.0
7956__energy_14__-field_15,0.5
7712__ions_8__positive_7,0.5
0__approach_6__reveals_4,1.0
39__position_17__add_2,0.0
3__facilities_10__target_7,0.5
7939__generation_24__reappeared_22,0.0
5887__considering_15__privately_14,0.5
350__combined_12__nature_3,0.5
7656__banned_59__effect_62,0.0
314__rock_16__heavy_15,1.0
6020__shock_15__enormous_17,0.5
2407__motion_8__set_6,1.0
10767__living_5__cabbage_8,3.0
7766__idea_31__undone_28,0.5
268__conference_6__oppose_8,0.5
2355__operations_9__planning_8,1.0
7920__identity_18__sense_16,1.0
3052__own_15__set_11,0.0
1116__air_18__preserve_15,1.0
7651__method_8__simplest_7,0.0
415__seek_28__sector_33,0.0
2263__voice_13__rising_14,1.5
2383__divisional_17__prepared_12,0.0
6133__summer_4__dull_2,0.5
2370__plan_5__corporate_4,0.5
7647__vector_15__potential_16,1.0
